like,338
often,242
might,185
also,170
specific,146
many,128
find,122
offer,121
youre,101
new,100
use,98
need,95
one,94
information,92
may,92
time,90
personal,90
significant,87
free,83
best,81
search,77
even,77
people,76
likely,75
focus,73
support,73
common,72
generally,71
experience,71
provide,71
however,71
online,71
life,69
strong,69
complex,68
key,68
consider,65
way,63
make,63
good,62
including,61
number,61
look,61
services,61
get,61
yes,61
help,60
open,60
us,60
without,59
research,58
health,58
nn,58
directly,56
within,56
love,55
potential,55
see,55
social,54
yahoo,54
making,53
current,53
offers,52
feel,52
water,52
crucial,52
factors,52
software,51
local,51
due,51
website,51
check,50
sometimes,50
try,50
using,50
websites,49
different,49
include,49
typically,49
work,48
used,48
music,48
process,48
youll,48
contact,48
lead,48
direct,47
physical,47
email,47
several,47
individuals,46
platforms,46
depends,46
public,45
individual,45
single,45
first,44
data,44
leading,44
windows,44
options,43
others,43
always,43
years,43
usually,43
history,43
explore,43
communication,43
security,43
body,42
especially,42
system,42
ensure,42
less,41
professional,41
connection,41
clear,41
two,41
involves,41
state,41
shared,40
media,40
theres,40
official,40
sites,40
known,40
feelings,39
question,39
highly,39
service,39
access,39
possible,39
financial,39
potentially,38
considered,38
cause,38
energy,38
set,38
resources,38
isnt,38
rather,37
create,37
role,37
excellent,37
human,37
medical,37
business,37
experiences,36
text,36
times,36
understanding,36
go,35
approach,35
name,35
sleep,35
control,35
various,35
start,35
relationship,35
available,35
high,35
around,34
avoid,34
situation,34
though,34
legal,34
needs,33
popular,33
vary,33
finding,33
content,33
programs,33
allows,33
internet,33
know,33
family,33
speed,33
small,32
certain,32
early,32
connect,32
download,32
person,32
vast,32
primarily,32
company,31
meaning,31
ultimately,31
based,31
issues,31
deep,31
right,31
want,31
seen,31
pain,31
powerful,31
settings,31
development,31
video,31
value,31
another,31
higher,31
events,31
someone,31
eg,31
future,30
significantly,30
areas,30
google,30
large,30
impact,30
something,30
widely,30
web,30
community,29
advanced,29
important,29
genuine,29
choice,29
american,29
interest,29
view,29
dedicated,29
features,28
better,28
offering,28
digital,28
range,28
day,28
care,28
air,28
address,28
food,28
drive,28
positive,28
therefore,28
longer,28
purpose,28
doesnt,28
understand,28
performance,27
answer,27
area,27
users,27
emotional,27
sounds,27
interests,27
play,27
systems,27
questions,27
ai,27
lack,27
share,26
means,26
light,26
test,26
practice,26
things,26
understandable,26
long,26
server,26
ask,26
unique,26
actions,26
made,26
provides,26
religious,26
depending,26
difficult,26
associated,26
activities,26
consistent,25
feeling,25
great,25
power,25
states,25
computer,25
distance,25
part,25
specialized,25
age,25
file,25
older,25
natural,25
sense,25
general,25
learning,25
friends,25
across,25
identify,25
school,24
take,24
phone,24
blood,24
looking,24
students,24
account,24
perhaps,24
training,24
enjoy,24
creating,23
simple,23
exact,23
academic,23
makes,23
growth,23
scientific,23
clean,23
ability,23
symptoms,23
much,23
reduce,23
words,23
details,23
prioritize,23
success,23
classic,23
rights,23
point,23
challenges,23
team,22
alcohol,22
challenging,22
severe,22
whether,22
tools,22
deeply,22
diverse,22
international,22
tax,22
skills,22
complete,22
similar,22
pressure,22
show,22
remains,22
relationships,22
building,22
incredibly,22
option,22
values,21
past,21
type,21
government,21
methods,21
aim,21
issue,21
word,21
cultural,21
image,21
serious,21
called,21
effective,21
wellbeing,21
risk,21
negative,21
ways,21
form,21
desire,21
suggest,21
loss,21
quick,21
language,21
call,21
run,21
keep,21
political,21
allowing,21
discuss,21
doctor,21
require,21
together,21
stress,21
application,21
weight,20
cant,20
healthcare,20
organizations,20
manage,20
companies,20
primary,20
steps,20
accessible,20
perceived,20
regular,20
includenn,20
standard,20
sex,20
suggests,20
trust,20
major,20
income,20
present,20
reach,20
seeking,20
back,20
period,20
activity,20
involved,20
program,20
tool,20
still,20
roles,20
designed,20
heres,20
respect,20
degree,20
credit,19
profound,19
groups,19
outlook,19
follow,19
reasons,19
exercise,19
contribute,19
concept,19
concerns,19
well,19
conditions,19
particularly,19
city,19
believe,19
found,19
problems,19
points,19
global,19
advice,19
relevant,19
status,19
sports,19
device,19
engaging,19
brain,19
images,19
focusing,19
modern,19
maintain,19
per,19
increased,19
change,19
beyond,19
management,19
term,19
career,19
instead,19
perspective,19
click,19
place,19
structure,18
mail,18
series,18
emotions,18
surface,18
necessary,18
basic,18
sexual,18
alternative,18
women,18
partner,18
terms,18
consult,18
unfortunately,18
later,18
cost,18
since,18
president,18
related,18
children,18
favorite,18
safe,17
year,17
law,17
network,17
top,17
daily,17
nature,17
correct,17
youve,17
id,17
larger,17
night,17
plan,17
lower,17
shows,17
needed,17
sources,17
sign,17
days,17
reputable,17
cold,17
commitment,17
central,17
prevent,17
mental,17
processing,17
force,17
overall,17
getting,17
hand,17
united,17
able,17
visit,17
numbers,17
location,16
policies,16
engage,16
engine,16
condition,16
maintaining,16
sound,16
healthy,16
songs,16
safety,16
card,16
dynamic,16
thats,16
islamic,16
established,16
eye,16
code,16
protection,16
debated,16
appear,16
fun,16
national,16
historical,16
sun,16
includes,16
film,16
distinct,16
level,16
browser,16
materials,16
strategies,16
subjective,16
forward,16
heart,16
reliable,16
remember,16
given,16
recommended,16
requires,16
rate,16
faith,16
fuel,16
average,16
military,16
read,16
evidence,16
competitive,16
treatment,16
economic,16
string,16
actively,16
existence,16
arent,16
laws,16
preferences,16
achieve,16
user,16
longterm,16
total,16
science,15
held,15
truly,15
heat,15
material,15
platform,15
line,15
prominent,15
quality,15
living,15
profile,15
site,15
say,15
side,15
requiring,15
files,15
foods,15
response,15
goals,15
act,15
group,15
harry,15
uses,15
consistently,15
express,15
ideal,15
special,15
add,15
ongoing,15
searching,15
industry,15
think,15
recent,15
multiple,15
return,15
usb,15
policy,15
traditional,15
pages,15
page,15
active,15
action,15
art,15
context,15
world,15
environment,15
hes,15
photos,15
hosting,15
studies,15
temperature,15
teams,15
last,15
opportunities,15
combination,15
n3,15
true,14
tests,14
figures,14
track,14
population,14
voice,14
player,14
cool,14
applications,14
educational,14
letter,14
increase,14
detailed,14
provided,14
influence,14
released,14
presence,14
talent,14
slightly,14
luck,14
solution,14
temporary,14
benefits,14
behavior,14
folder,14
faster,14
essential,14
matter,14
education,14
practical,14
towards,14
talk,14
attention,14
testing,14
diagnosis,14
characters,14
idea,14
html,14
reviews,14
mutual,14
allow,14
among,14
birth,14
black,14
department,14
build,14
cases,14
hair,14
techniques,14
problem,14
gain,14
earth,14
event,14
field,14
players,14
beliefs,14
green,14
ideas,14
items,14
lines,14
specifically,14
model,14
order,14
personalized,14
choose,14
library,14
risks,14
center,14
serve,14
improve,14
boys,14
comfort,14
solve,14
car,14
south,14
greatly,14
stems,14
study,14
firefox,14
mobile,13
microsoft,13
continue,13
changes,13
drivers,13
nnthe,13
stars,13
watch,13
thinking,13
display,13
thought,13
boundaries,13
oxygen,13
live,13
enter,13
audio,13
case,13
interested,13
source,13
consequences,13
real,13
accurate,13
hot,13
effects,13
length,13
simply,13
levels,13
nnthis,13
size,13
strength,13
tech,13
tasks,13
report,13
elements,13
sharing,13
channels,13
knowledge,13
country,13
old,13
proper,13
mind,13
perfect,13
update,13
existing,13
bad,13
encourage,13
entertainment,13
damage,13
college,13
focused,13
market,13
every,13
select,13
journey,13
warm,13
frequently,13
periods,13
conversation,13
takes,13
comes,13
opposite,13
break,13
valuable,13
providers,13
century,13
operating,13
massive,12
oil,12
humans,12
computers,12
movie,12
results,12
universal,12
method,12
society,12
white,12
nn1,12
low,12
money,12
appropriate,12
enough,12
navigate,12
determine,12
helps,12
child,12
potter,12
main,12
perform,12
short,12
habits,12
civil,12
easily,12
choices,12
entirely,12
analysis,12
builtin,12
immediate,12
leadership,12
apple,12
feels,12
underlying,12
processed,12
youtube,12
amount,12
providing,12
emails,12
precise,12
rare,12
10,12
indeed,12
following,12
efforts,12
variety,12
star,12
fan,12
product,12
defined,12
fret,12
starting,12
final,12
home,12
privacy,12
immediately,12
dental,12
extensive,12
full,12
functions,12
immigration,12
angles,12
hard,12
societal,12
tough,12
highquality,12
engines,12
resource,12
forms,12
purchase,12
rock,12
exchange,12
installation,12
records,12
men,12
external,12
three,12
save,12
job,12
feature,12
learn,11
book,11
internal,11
comprehensive,11
moving,11
throughout,11
embed,11
budget,11
custom,11
stop,11
resilience,11
reaction,11
effort,11
perspectives,11
permanent,11
effect,11
structures,11
design,11
intelligence,11
visual,11
amazon,11
function,11
immense,11
compared,11
north,11
volume,11
processes,11
hours,11
funds,11
hardware,11
exam,11
indicates,11
please,11
illness,11
episodes,11
fields,11
figure,11
drug,11
guide,11
brief,11
engineering,11
production,11
john,11
sustainable,11
face,11
fact,11
password,11
limited,11
persistent,11
helpful,11
fit,11
comfortable,11
effectively,11
song,11
space,11
handle,11
news,11
core,11
ready,11
trying,11
guidance,11
birds,11
photo,11
never,11
recognized,11
increasing,11
largely,11
exposure,11
character,11
measure,11
xrays,11
additionally,11
cells,11
perception,11
man,11
requirements,11
solely,11
belief,11
appears,11
miles,11
involve,11
xp,11
difference,11
readily,11
remain,11
next,11
burning,11
normal,11
color,11
link,11
court,11
loans,11
muslims,11
rules,11
completely,11
skin,11
preference,11
efficient,11
goal,11
foster,11
links,11
death,11
gift,11
breathing,11
friend,11
boyfriend,11
letters,11
office,11
vital,11
n2,11
intimacy,11
meet,11
example,11
legitimate,11
gaming,11
young,10
far,10
license,10
paying,10
principles,10
robust,10
partners,10
devices,10
javascript,10
exploring,10
easy,10
exciting,10
trained,10
bit,10
intense,10
measures,10
accounts,10
install,10
shape,10
via,10
paid,10
classes,10
usage,10
illegal,10
student,10
causes,10
opinions,10
surrounding,10
away,10
must,10
war,10
anxiety,10
operations,10
officially,10
touch,10
cable,10
greater,10
examples,10
judgment,10
moment,10
13,10
naturally,10
smoking,10
smaller,10
entire,10
connected,10
personality,10
receive,10
note,10
compelling,10
pay,10
agencies,10
close,10
practices,10
pop,10
gold,10
iconic,10
give,10
messenger,10
messaging,10
continues,10
contributions,10
balance,10
supported,10
title,10
lost,10
equal,10
engagement,10
valentines,10
circumstances,10
absolutely,10
furthermore,10
statement,10
gently,10
experiencing,10
rest,10
playful,10
spiritual,10
approximately,10
romantic,10
itunes,10
rich,10
independent,10
vitamin,10
games,10
molecules,10
mix,10
becomes,10
consulting,10
going,10
constant,10
seek,10
style,10
dating,10
apps,10
passion,10
abuse,10
calculate,10
continuous,10
sugar,10
already,10
mass,10
theory,10
late,10
selection,10
vision,10
let,10
pass,10
publicly,10
provider,10
stay,10
leads,10
leave,10
varies,10
graduate,10
progress,10
rarely,10
liver,10
stores,10
missing,10
apply,10
mood,10
message,10
causing,10
foreign,10
working,10
assess,10
asking,10
n4,10
coffee,10
eyes,10
defense,10
consumption,10
degrees,10
therapy,10
blend,10
convert,10
pills,10
signal,10
purposes,9
cautious,9
videos,9
substance,9
manager,9
federal,9
indicate,9
lies,9
spending,9
regarding,9
pricing,9
electrical,9
virus,9
everyone,9
private,9
behaviors,9
breaking,9
drinking,9
initial,9
score,9
ensuring,9
fruits,9
marriage,9
dns,9
responsible,9
considerations,9
along,9
thoroughly,9
flexible,9
selling,9
distress,9
fundamental,9
definitive,9
angle,9
list,9
costs,9
plays,9
spread,9
played,9
grow,9
block,9
rates,9
board,9
assistance,9
000,9
estimated,9
kind,9
million,9
hurt,9
honest,9
argue,9
led,9
sure,9
12,9
administration,9
class,9
claim,9
come,9
result,9
quickly,9
ball,9
china,9
target,9
thoughts,9
atomic,9
edge,9
correctly,9
plans,9
institution,9
countries,9
concern,9
innovation,9
developing,9
bet,9
cooling,9
fantastic,9
challenge,9
absorb,9
marketing,9
outcomes,9
ethical,9
leagues,9
tension,9
born,9
stage,9
pregnancy,9
databases,9
port,9
businesses,9
universe,9
positions,9
species,9
hear,9
decisions,9
removal,9
tracking,9
dry,9
antivirus,9
historically,9
reputation,9
cell,9
contains,9
cure,9
contacting,9
presidential,9
driving,9
print,9
send,9
friendly,9
discontinued,9
hormonal,9
poor,9
eat,9
rent,9
360,9
smooth,9
house,9
york,9
constantly,9
define,9
shift,9
institutions,9
visible,9
outside,9
george,9
recovery,9
store,9
instructions,9
british,9
infections,9
stem,9
currency,9
separate,9
portion,9
characterized,9
islam,9
unable,9
exist,9
11,9
45,9
experienced,9
disease,9
theyre,9
despite,9
patience,9
addresses,9
considering,9
universities,8
spirit,8
motion,8
trusted,8
typical,8
stable,8
trends,8
hope,8
wide,8
running,8
pole,8
emergency,8
step,8
album,8
anger,8
resolve,8
famous,8
lean,8
topics,8
identifying,8
unwanted,8
kindness,8
inside,8
ultimate,8
baby,8
bible,8
genetic,8
written,8
latest,8
university,8
harm,8
depression,8
broad,8
tv,8
carry,8
dictionary,8
reading,8
evolving,8
98,8
cloth,8
technology,8
competition,8
format,8
forums,8
curve,8
cycle,8
attempt,8
promote,8
believed,8
occurs,8
browsers,8
efficiency,8
debt,8
streaming,8
explain,8
base,8
four,8
gentle,8
chemical,8
stability,8
coaching,8
interaction,8
places,8
commonly,8
schedule,8
highlight,8
recognition,8
exploration,8
supporting,8
themes,8
required,8
expressing,8
girls,8
glass,8
vegetables,8
suggesting,8
graph,8
userfriendly,8
raw,8
humor,8
maps,8
foundation,8
qualities,8
broader,8
customer,8
friendship,8
database,8
decision,8
meal,8
nnthese,8
adam,8
interface,8
rule,8
move,8
projects,8
limit,8
record,8
nations,8
fees,8
highlights,8
racing,8
refers,8
brings,8
specializing,8
ill,8
minutes,8
capture,8
guides,8
relief,8
fear,8
season,8
organized,8
members,8
impossible,8
blue,8
colors,8
culture,8
situations,8
ice,8
red,8
incredible,8
cash,8
anyone,8
married,8
registered,8
app,8
nnits,8
default,8
orbit,8
substantial,8
inherently,8
aiming,8
lifestyle,8
connections,8
bond,8
showcasing,8
party,8
enduring,8
fat,8
organization,8
desired,8
passions,8
god,8
works,8
rapid,8
availability,8
radiation,8
become,8
big,8
keeping,8
rooted,8
sales,8
scale,8
waste,8
taxes,8
consistency,8
imaging,8
focuses,8
types,8
phrase,8
highlighting,8
cancer,8
canada,8
diet,8
bush,8
date,8
upload,8
growing,8
original,8
respective,8
sport,8
explanations,8
navigating,8
demanding,8
staying,8
storage,8
currently,8
stories,8
treatments,8
stripes,8
setting,8
developed,8
intake,7
antibiotics,7
dynamics,7
2000,7
taking,7
listen,7
little,7
lyrics,7
marked,7
square,7
months,7
php,7
road,7
muscle,7
slight,7
shifts,7
communities,7
shares,7
pro,7
globally,7
explanation,7
origin,7
document,7
police,7
review,7
sin,7
reason,7
property,7
mean,7
reaching,7
religion,7
ownership,7
conflict,7
requests,7
shes,7
scenario,7
combined,7
choosing,7
changing,7
strategic,7
strengths,7
soldiers,7
strongly,7
becoming,7
therapies,7
balanced,7
thorough,7
advocacy,7
transfer,7
triggers,7
exercises,7
unlikely,7
feedback,7
left,7
spot,7
estimates,7
vertical,7
ones,7
weather,7
abilities,7
vibrant,7
version,7
vehicle,7
varying,7
accounting,7
updates,7
alongside,7
updated,7
downloads,7
join,7
tickets,7
appearance,7
administrative,7
jail,7
appreciate,7
atmosphere,7
attraction,7
accountability,7
budgeting,7
facebook,7
beneficial,7
vulnerability,7
calculated,7
california,7
solvent,7
concerned,7
hormones,7
contender,7
sellers,7
pure,7
section,7
collection,7
unit,7
commission,7
sophisticated,7
walk,7
host,7
procedure,7
psychological,7
manually,7
professionals,7
adobe,7
mr,7
respond,7
align,7
counseling,7
reports,7
aware,7
expenses,7
manufacturers,7
head,7
dedication,7
definitely,7
books,7
memories,7
cited,7
quantum,7
messages,7
coach,7
effectiveness,7
100,7
interpretations,7
project,7
depth,7
cybersecurity,7
game,7
millions,7
drawn,7
200,7
2nd,7
possess,7
flow,7
molecule,7
picture,7
front,7
fully,7
five,7
patient,7
holds,7
james,7
offense,7
fire,7
nnwhile,7
movement,7
nnheres,7
supernatural,7
magic,7
fast,7
scholarships,7
masters,7
fans,7
productivity,7
paint,7
phase,7
price,7
att,7
bar,7
bay,7
lasting,7
radio,7
investment,7
largest,7
ebay,7
kilometers,7
justice,7
interactions,7
impacts,7
medication,7
sides,7
door,7
hobbies,7
harmful,7
speak,7
expectations,7
environments,7
story,7
freedom,7
representation,7
finally,7
dog,7
today,7
ensures,7
contributing,7
dsl,7
recommend,7
listening,7
parallel,7
copy,7
write,7
eve,7
adults,7
properties,7
africa,7
flu,7
appeal,7
created,7
gas,7
courses,7
assets,7
avatar,7
regardless,7
beauty,7
contain,7
regularly,7
resistance,7
respectful,7
clearly,7
bowl,7
infrastructure,7
chapter,7
16,7
improved,7
careers,7
county,7
detail,7
joy,7
artists,7
answers,7
programming,7
driver,7
thoughtful,7
analyze,7
america,7
factor,7
cd,7
filled,7
orientation,7
observation,7
yellow,7
french,7
vulnerable,7
medications,7
mathematics,7
2kpi,7
nfl,7
breath,6
english,6
gun,6
topic,6
troubleshooting,6
secret,6
teeth,6
cds,6
guy,6
taste,6
taken,6
sweet,6
output,6
super,6
secure,6
stain,6
sperm,6
engineer,6
monitoring,6
solid,6
smile,6
done,6
highest,6
carbon,6
skill,6
seeing,6
cleaner,6
sponsorship,6
honesty,6
caused,6
housing,6
hygiene,6
greatest,6
realistic,6
shell,6
implies,6
seems,6
sneeze,6
rural,6
roots,6
chicken,6
quiet,6
frustrating,6
northern,6
atp,6
located,6
pi2,6
nickname,6
overwhelming,6
penis,6
innovative,6
networks,6
parts,6
loyalty,6
machine,6
malware,6
ocean,6
notes,6
prioritizing,6
nerve,6
names,6
coding,6
named,6
matters,6
maximum,6
movies,6
earnings,6
representing,6
restrictions,6
governments,6
importance,6
mindful,6
capital,6
bird,6
integration,6
minimum,6
statements,6
rejection,6
loved,6
horizontal,6
muscles,6
subscription,6
least,6
technologies,6
guaranteed,6
girlfriend,6
aid,6
opening,6
indie,6
outdoor,6
nice,6
passing,6
happy,6
successful,6
grant,6
debate,6
grand,6
extensions,6
persist,6
accessibility,6
physics,6
flat,6
administrator,6
fresh,6
defend,6
experiment,6
plastic,6
supportive,6
excitement,6
demand,6
nnhe,6
automatically,6
memorable,6
faced,6
phd,6
extra,6
compatibility,6
estimate,6
responsibility,6
everyday,6
interpreted,6
180,6
gods,6
crime,6
codes,6
environmental,6
hunger,6
vs,6
half,6
pi,6
built,6
captivating,6
pc,6
member,6
brown,6
bring,6
driven,6
tricky,6
reflect,6
regions,6
duration,6
release,6
earths,6
n5,6
atoms,6
request,6
eating,6
ahead,6
agent,6
editor,6
managing,6
wild,6
concerning,6
components,6
represent,6
complexity,6
voip,6
explorer,6
amounts,6
commercial,6
master,6
log,6
segment,6
ions,6
transition,6
continued,6
shorter,6
signals,6
ipod,6
pull,6
configure,6
skilled,6
entity,6
station,6
certainly,6
african,6
bankruptcy,6
designing,6
okay,6
estate,6
background,6
carefully,6
affects,6
attractive,6
approaches,6
tabs,6
documents,6
acrobat,6
travels,6
addressing,6
facing,6
trails,6
employees,6
land,6
vitamins,6
violence,6
stream,6
versions,6
establish,6
lets,6
female,6
execution,6
writing,6
expansion,6
younger,6
unexpected,6
filing,6
subtle,6
soon,6
supply,6
actually,6
adequate,6
absence,6
affected,6
theories,6
soft,6
improvement,6
appetite,6
met,6
nutritional,6
applying,6
linked,6
portable,6
arteries,6
avoiding,6
likenn,6
stronger,6
fostering,6
wonder,6
strategy,6
technical,6
capacity,6
speaking,6
gratitude,6
guarantee,6
checking,6
followed,6
window,6
sections,6
lung,6
companys,6
identity,6
concepts,6
intended,6
self,6
frequent,6
misdemeanor,6
inherent,6
nutrients,6
infrared,6
creative,6
reflects,6
critical,6
generate,6
influential,6
instagram,6
disorder,6
interplay,6
rise,6
root,6
vacuum,6
recall,6
presents,6
really,6
proven,6
prefer,6
retail,6
products,6
saving,6
assist,6
reflecting,6
council,6
cars,6
maintenance,6
gay,6
animal,6
domestic,6
customs,6
zones,6
yield,6
xanga,6
develop,6
dominant,6
became,6
whole,6
disable,6
capabilities,6
parabola,6
wasnt,6
path,6
era,6
end,6
viral,6
views,6
union,6
popularity,6
eastern,6
confirm,6
editing,6
concert,6
bottom,6
physically,6
phenomenon,6
embrace,6
empathy,6
humility,5
illinois,5
nutrition,5
insights,5
instance,5
interact,5
lighting,5
narrative,5
pump,5
marathon,5
muhammad,5
numerous,5
onscreen,5
overcome,5
patterns,5
persists,5
phishing,5
rely,5
legendary,5
pleasure,5
landscape,5
involving,5
investors,5
introduce,5
room,5
intensity,5
insurance,5
institute,5
rational,5
realtime,5
infection,5
regulate,5
relative,5
incorrect,5
scan,5
implement,5
impacting,5
seem,5
repeated,5
sell,5
republic,5
resident,5
resonate,5
searches,5
selfcare,5
gradually,5
spectrum,5
genuinely,5
standing,5
superior,5
surprise,5
swimming,5
symmetry,5
teachers,5
slow,5
fertility,5
timeline,5
expertise,5
exclusive,5
excessive,5
uptodate,5
equipment,5
authentication,5
wildlife,5
emphasize,5
accessory,5
acquiring,5
announced,5
dissolved,5
beautiful,5
dietitian,5
detection,5
centuries,5
tell,5
chemistry,5
cherished,5
childrens,5
combining,5
daughters,5
dangerous,5
customers,5
tied,5
curiosity,5
confirmed,5
counselor,5
continent,5
tire,5
uncomfortable,5
upon,5
visa,5
vote,5
wear,5
wise,5
wont,5
youd,5
youn,5
zone,5
actin,5
n1,5
alone,5
beans,5
n6,5
n7,5
begin,5
bones,5
interventions,5
brand,5
calls,5
chest,5
exceptionally,5
clubs,5
documentaries,5
cover,5
debts,5
delta,5
didnt,5
doors,5
corresponding,5
drink,5
drugs,5
empty,5
evoke,5
false,5
fewer,5
films,5
finds,5
fixed,5
hasnt,5
india,5
input,5
jesus,5
surveillance,5
meals,5
metal,5
reproductive,5
reproduction,5
mouth,5
permutations,5
paste,5
piece,5
ports,5
prime,5
quite,5
realm,5
reply,5
rings,5
route,5
scams,5
intellectual,5
inflammation,5
shops,5
signs,5
spark,5
foundational,5
fluctuations,5
spend,5
stick,5
stock,5
downloadable,5
css,5
definitively,5
egg,5
valid,5
compensation,5
waves,5
whats,5
whynn,5
astronomical,5
worth,5
actors,5
actual,5
fix,5
aligns,5
universally,5
behind,5
temporarily,5
bright,5
broken,5
gut,5
hip,5
chosen,5
chrome,5
cities,5
claims,5
combat,5
covers,5
deeper,5
delete,5
depend,5
diesel,5
drinks,5
drives,5
ecards,5
either,5
possibility,5
europe,5
participate,5
forces,5
forest,5
former,5
gained,5
gather,5
ghosts,5
mindfulness,5
guitar,5
nba,5
limitations,5
lightweight,5
inches,5
nyc,5
lawyer,5
league,5
liquid,5
listed,5
mature,5
pet,5
handwritten,5
friendships,5
fascinating,5
openly,5
put,5
passed,5
passes,5
essentially,5
enforcement,5
pieces,5
encouraging,5
san,5
eligibility,5
prices,5
purely,5
raises,5
reader,5
directories,5
sum,5
determining,5
region,5
demonstrate,5
remote,5
remove,5
repair,5
sanrio,5
yet,5
served,5
communicate,5
singer,5
soccer,5
speech,5
stands,5
static,5
statue,5
symbol,5
association,5
responsibilities,5
2006,5
achievement,5
typing,5
acts,5
verify,5
ages,5
warmth,5
webcam,5
winter,5
wisdom,5
army,5
asia,5
academy,5
unintended,5
adapter,5
adopted,5
traditions,5
archive,5
television,5
arizona,5
attract,5
avenues,5
bipolar,5
belt,5
capable,5
captcha,5
changed,5
channel,5
charity,5
sensations,5
chinese,5
citizen,5
rightclick,5
coastal,5
burn,5
resolution,5
represents,5
concise,5
reflection,5
courage,5
curated,5
curious,5
projectile,5
procedures,5
priorities,5
preventing,5
presidents,5
presidency,5
dark,5
engaged,5
percentage,5
evolved,5
fishing,5
florida,5
forming,5
formula,5
fosters,5
disk,5
gradual,5
happens,5
heavily,5
holding,5
metabolism,5
manageable,5
mainstream,5
earn,5
instant,5
jewelry,5
kennedy,5
edit,5
eggs,5
emfs,5
letting,5
representatives,5
linking,5
literal,5
managed,5
fats,5
holgersson,5
mothers,5
novelty,5
nozzles,5
offered,5
fraudulent,5
painful,5
payment,5
facilities,5
playing,5
emphasizes,5
prepare,5
produce,5
gets,5
protect,5
protein,5
rapidly,5
reduces,5
restore,5
returns,5
considernn,5
confidence,5
conference,5
schools,5
scoring,5
seconds,5
sending,5
servers,5
shaping,5
showing,5
sincere,5
spirits,5
started,5
biological,5
stopped,5
basketball,5
subject,5
tactics,5
threats,5
traffic,5
algorithms,5
unknown,5
unusual,5
viruses,5
waiting,5
worldwide,5
workplace,5
willing,5
accepted,5
tutorials,5
animated,5
anything,5
tradition,5
approval,5
argument,5
articles,5
attempts,5
attorney,5
audience,5
logs,5
templates,5
technique,5
blocking,5
teachings,5
lose,5
bringing,5
browsing,5
sustained,5
caffeine,5
canadian,5
cleaning,5
contexts,5
male,5
criminal,5
cultures,5
sensitive,5
decrease,5
meat,5
menu,5
direcway,5
discover,5
mild,5
responses,5
embedded,5
near,5
reduction,5
recognize,5
reactions,5
nils,5
onto,5
football,5
freezing,5
fructose,5
overthecounter,5
genetics,5
governor,5
paramount,5
extreme,4
calm,4
descriptions,4
reportedly,4
suitable,4
thousands,4
falling,4
forbidden,4
therapist,4
subjects,4
familys,4
accumulated,4
baseball,4
fatigue,4
tubing,4
pistons,4
dna,4
particles,4
regulations,4
framework,4
sufficient,4
succession,4
authentically,4
post,4
themn,4
oral,4
eventually,4
boasts,4
blocks,4
hundreds,4
consent,4
stepsnn1,4
loop,4
fetal,4
opensource,4
falls,4
difficulties,4
faces,4
pace,4
certification,4
spotting,4
posters,4
disabilities,4
irs,4
nnif,4
nhe,4
sporting,4
carrying,4
teach,4
bell,4
catalyst,4
spanning,4
menopause,4
unabridged,4
distribution,4
ultrasound,4
theological,4
category,4
predict,4
graduates,4
noticeable,4
styrofoam,4
struggles,4
footage,4
swaps,4
immune,4
moderate,4
15,4
legacy,4
printer,4
consciousness,4
shutdown,4
submission,4
shooting,4
46,4
sexually,4
expert,4
sunni,4
sentence,4
happiness,4
stone,4
sick,4
standards,4
funding,4
cookies,4
int,4
de,4
conversations,4
clothing,4
lump,4
clusters,4
healthier,4
colleges,4
ecosystems,4
heartfelt,4
expand,4
profits,4
dolls,4
customization,4
replacement,4
cooking,4
shut,4
gesture,4
structured,4
shot,4
composed,4
nnit,4
gourmet,4
propose,4
discrimination,4
attend,4
girl,4
pose,4
deals,4
seer,4
congress,4
dissolving,4
borders,4
enormous,4
contacts,4
misspelling,4
demonstrating,4
prowess,4
reminder,4
puberty,4
contrast,4
gravity,4
discussion,4
signifies,4
remedies,4
discussing,4
excess,4
costumes,4
cdd,4
offensive,4
releases,4
covering,4
geographical,4
multimedia,4
phrasing,4
minimize,4
criteria,4
sorry,4
pursuit,4
reducing,4
religions,4
recorded,4
math,4
healing,4
implying,4
cloud,4
clock,4
received,4
sores,4
ranging,4
ingrained,4
emerging,4
gel,4
initially,4
dogs,4
said,4
pursuing,4
heating,4
reality,4
defining,4
runs,4
chase,4
aspect,4
ink,4
delivery,4
chain,4
cddvd,4
helping,4
proteins,4
diabetes,4
diagnose,4
dialogue,4
hiccups,4
determined,4
canva,4
bushs,4
creates,4
reduced,4
critics,4
optionsnn,4
map,4
ohio,4
discreet,4
properly,4
fox,4
refined,4
returning,4
bsc,4
boost,4
retailers,4
2023,4
democratic,4
mac,4
deliberate,4
intestine,4
agility,4
district,4
bodys,4
draw,4
produced,4
blues,4
23,4
investing,4
rating,4
differently,4
differences,4
spy,4
ne,4
hypothetical,4
approx,4
bills,4
relaxed,4
bill,4
pushes,4
pursue,4
implementing,4
mathematician,4
dramatic,4
errors,4
sky,4
distinctive,4
probably,4
curriculum,4
entering,4
url,4
declaration,4
relies,4
repairs,4
priority,4
printing,4
equity,4
usa,4
course,4
hurdles,4
calorie,4
pounds,4
cameras,4
widespread,4
reveal,4
husband,4
20,4
anime,4
damaged,4
measurable,4
draganddrop,4
pocket,4
aimed,4
plenty,4
22,4
increasingly,4
vcd,4
independence,4
router,4
box,4
contributed,4
dealing,4
cotton,4
vhs,4
conviction,4
hell,4
conversion,4
ma,4
27,4
salary,4
55,4
plants,4
emotionally,4
previous,4
adjustments,4
allowed,4
phones,4
saying,4
rvf,4
specialize,4
scarce,4
win,4
imagine,4
specialist,4
reverse,4
los,4
screen,4
rss,4
psychology,4
second,4
noah,4
locations,4
ease,4
protective,4
seven,4
zero,4
cosmic,4
commit,4
le,4
linkedin,4
wood,4
afraid,4
serves,4
obtain,4
object,4
zip,4
notice,4
norton,4
indepth,4
nnwhen,4
lightyears,4
deliver,4
replacing,4
routine,4
careful,4
fisherprice,4
inquire,4
nausea,4
native,4
preferred,4
affect,4
conductive,4
demands,4
13th,4
foundations,4
adding,4
myosin,4
russian,4
slower,4
carries,4
wifi,4
circulation,4
1600,4
scare,4
necessarily,4
compromise,4
validation,4
sodium,4
savings,4
roman,4
mother,4
manipulation,4
coming,4
week,4
caution,4
weak,4
1966,4
models,4
spoken,4
electromagnetic,4
milder,4
acting,4
derived,4
sensitivities,4
1967,4
mcafee,4
stains,4
manufactured,4
precision,4
possibly,4
centers,4
stated,4
compatible,4
deserve,4
comparison,4
river,4
marine,4
mathematical,4
steels,4
bitdefender,4
iq,4
bags,4
kingdom,4
rinse,4
lowest,4
losing,4
refer,4
icon,4
families,4
ide,4
winner,4
pen,4
hub,4
sudden,4
transcription,4
advancements,4
took,4
rails,4
sensitivity,4
introduces,4
maximize,4
assumptions,4
remaining,4
playback,4
tone,4
licenses,4
copyright,4
influencing,4
serving,4
lawyers,4
quote,4
pcs,4
grillz,4
multifaceted,4
alternatives,4
client,4
consensus,4
64,4
yards,4
feasible,4
wrong,4
prior,4
venues,4
categories,4
creditors,4
empire,4
leverage,4
press,4
skating,4
peaceful,4
criticism,4
confident,4
ancient,4
epi2,4
matching,4
detroit,4
processor,4
completed,4
planning,4
sorting,4
thin,4
receptive,4
worse,4
peace,4
speaker,4
associations,4
woman,4
clipboard,4
hiv,4
sponsor,4
earned,4
width,4
paper,4
christian,4
whose,4
landmark,4
race,4
bone,4
trials,4
opens,4
keywords,4
depicting,4
ever,4
occur,4
hit,4
mandate,4
prescription,4
industries,4
industrial,4
championship,4
niche,4
venue,4
fall,4
usual,4
attributed,4
indicating,4
task,4
fame,4
recaptcha,4
directory,4
unlike,4
dispute,4
item,4
grants,4
discharge,4
bachelors,4
powerpoint,4
thirdparty,4
dreams,4
dosage,4
fighting,4
talking,4
moved,4
farm,4
telling,4
unsure,4
awareness,4
avenuesnn,4
urban,4
chance,4
mixed,4
authentic,4
minor,4
circles,4
theorem,4
dissolves,4
divine,4
mention,4
patients,4
unwavering,4
cozy,4
marry,4
earlier,4
japanese,4
michael,4
arguments,4
portfolios,4
aggressive,4
marks,4
males,4
clarity,4
employee,4
height,4
divide,4
login,4
advantages,4
2005,4
admiration,4
misused,4
animation,4
analyzing,4
formal,4
additional,4
unclear,4
cuts,4
standardized,4
king,4
intimate,4
monitor,4
measuring,4
interior,4
accredited,4
ecommerce,4
band,4
lives,4
storytelling,4
suns,4
problemsolving,4
feet,4
utilize,4
trend,4
lived,4
casual,4
clients,4
aspects,4
felt,4
accidents,4
neither,4
linux,4
likes,4
pneumonia,4
employers,4
encounter,4
considerable,4
protections,4
honestly,4
weapons,4
neutral,4
surroundings,4
opportunity,4
lake,4
layer,4
withstand,4
guidelines,4
latin,4
wikipedia,4
bank,4
notably,4
olympics,4
indian,4
nothing,4
constructive,4
trade,4
retirement,4
combine,4
licensing,4
judge,4
virtually,4
vehicles,4
winning,4
geographic,4
objects,4
observe,4
employer,4
transactions,4
contribution,4
dinner,4
offline,4
versatile,4
executive,4
worried,4
trillion,4
olympic,4
england,4
firmly,4
spam,4
absolute,4
enhance,4
detect,4
sort,4
formulas,4
ago,4
hdd,4
accuracy,4
operate,4
hometown,4
expressed,4
unofficial,4
finish,4
sons,4
bypass,4
factorsnn,4
unlimited,4
organic,4
thousand,4
origins,4
travel,4
buyers,4
grades,4
burner,4
formidable,4
formatting,4
outline,4
index,4
americas,4
fiberrich,4
inbox,4
customizable,4
teaching,4
principal,4
paradox,4
turntable,4
parents,4
legislative,4
decide,4
horse,4
honey,4
aids,4
understood,4
traveling,4
targeted,4
translate,4
doc,4
pattern,4
magnetic,4
syndrome,4
breaks,4
approved,4
archives,4
brains,4
third,4
symbolic,4
hands,4
artistic,4
grace,4
felony,4
512,4
500,4
falsen,4
configuration,3
leaves,3
jacket,3
island,3
interactive,3
intent,3
theyve,3
interesting,3
investments,3
throat,3
resourceintensive,3
timing,3
involvement,3
torino,3
afghanistan,3
trauma,3
relievers,3
ideals,3
legislation,3
acknowledge,3
elephant,3
hudson,3
unions,3
hoping,3
recommendationsn,3
herbal,3
uplift,3
7zip,3
abel,3
harder,3
useful,3
happen,3
usenet,3
ground,3
valued,3
embodies,3
measurement,3
varied,3
versus,3
greens,3
viewed,3
waterbased,3
relatable,3
mp3,3
grains,3
gospel,3
violations,3
vulcan,3
goblet,3
walter,3
alto,3
giving,3
github,3
german,3
gerard,3
gender,3
reinstall,3
mit,3
womens,3
fueled,3
payments,3
formed,3
libraries,3
zebras,3
unreliable,3
illnessn,3
outstanding,3
fibers,3
accessn,3
undeniably,3
undeniable,3
falcon,3
extent,3
export,3
referrals,3
adheres,3
reference,3
affairs,3
escape,3
populations,3
portability,3
alumina,3
enamel,3
harmless,3
tournament,3
employ,3
lie,3
angeles,3
animals,3
lab,3
problematic,3
prohibition,3
neck,3
arrived,3
proprietary,3
disney,3
recording,3
auction,3
avatars,3
digits,3
barstow,3
beatles,3
itn,3
recognizing,3
rectangular,3
debris,3
bass,3
benefit,3
besides,3
billing,3
billion,3
bear,3
binding,3
substances,3
reds,3
literally,3
blowing,3
struggling,3
breathe,3
breaths,3
represented,3
benn,3
dallas,3
broadly,3
crisis,3
respiratory,3
cracks,3
stationary,3
courts,3
bios,3
cancers,3
humanity,3
riddlennthe,3
blot,3
catalog,3
comedy,3
scholarship,3
cloned,3
clever,3
church,3
chances,3
outgoing,3
christ,3
serverside,3
outdated,3
chicago,3
childs,3
cheese,3
orbiting,3
charge,3
chronic,3
ceased,3
circuit,3
optional,3
specializes,3
satisfying,3
speculation,3
caught,3
catchy,3
clearer,3
cloning,3
reasonsnn,3
revolution,3
closely,3
campus,3
stereotypes,3
enhanced,3
restaurant,3
stimulating,3
comment,3
compare,3
calmly,3
cain,3
enjoying,3
bureau,3
buddha,3
resentment,3
bridge,3
boston,3
offenses,3
heritage,3
gsa,3
repeatedly,3
condoms,3
conduct,3
technicians,3
relaxation,3
binary,3
consume,3
territorial,3
territories,3
thunderbird,3
baking,3
regulation,3
backup,3
babies,3
aztecs,3
awards,3
coolant,3
attack,3
transparent,3
transported,3
transversal,3
assert,3
occurred,3
arenn1,3
crowded,3
recovering,3
recordings,3
arabic,3
unnecessary,3
rebuilding,3
53,3
fly,3
reasonable,3
cdot,3
analog,3
vaccination,3
wavelengths,3
purchasing,3
cena,3
almost,3
aljauz,3
albeit,3
aiding,3
agency,3
club,3
promotions,3
density,3
denying,3
projection,3
observed,3
coin,3
productive,3
achievements,3
fax,3
designs,3
youth,3
rays,3
desktop,3
entities,3
dessert,3
appointments,3
worst,3
prevention,3
malicious,3
mortgage,3
nhes,3
dietary,3
etc,3
weeks,3
predicting,3
complexities,3
practicing,3
disrupt,3
urine,3
doctors,3
drawing,3
possession,3
upper,3
unmet,3
durable,3
units,3
tunes,3
truth,3
earning,3
confirmation,3
1i,3
dvd,3
economy,3
educate,3
physiology,3
trees,3
considerably,3
treat,3
constipation,3
elected,3
trail,3
contemporary,3
enabled,3
towel,3
mechanics,3
deal,3
conventional,3
tooth,3
tonn1,3
entered,3
erosion,3
tokyo,3
evening,3
cryptography,3
moisture,3
particular,3
excuses,3
existed,3
expanse,3
thumb,3
exposed,3
demonstrated,3
extract,3
overcoming,3
fabrics,3
failure,3
fantasy,3
favored,3
thing,3
diy,3
ordinances,3
females,3
theft,3
dictionaries,3
texts,3
teens,3
occasional,3
observable,3
distributing,3
folders,3
follows,3
formats,3
equation,3
sunny,3
protected,3
gadgets,3
establishing,3
evolutionary,3
stand,3
newsreader,3
staff,3
interpretation,3
graphic,3
spray,3
docs,3
spice,3
handled,3
harming,3
hearing,3
sonic,3
minerals,3
smart,3
mistakenly,3
highend,3
bxc,3
slots,3
humanitarian,3
methodsnn,3
silly,3
hormone,3
shown,3
boy,3
promoting,3
drop,3
hundred,3
hurtful,3
straightforward,3
shots,3
mechanical,3
shoot,3
shock,3
imagery,3
maintained,3
michigan,3
sheer,3
lumberjack,3
bmi,3
sharp,3
interference,3
impulse,3
literature,3
introductory,3
indiana,3
screw,3
insects,3
scope,3
milestone,3
scene,3
sauce,3
royal,3
january,3
melodies,3
east,3
jointly,3
manufacturer,3
roach,3
medicine,3
meticulously,3
bid,3
raise,3
investigations,3
bed,3
maturity,3
proud,3
expanded,3
liberal,3
proof,3
nnultimately,3
representations,3
integrated,3
lincoln,3
institutes,3
occasionally,3
logical,3
longbow,3
paths,3
longest,3
arm,3
parks,3
arc,3
owner,3
philadelphia,3
recommendations,3
noobs,3
ninja,3
proclamation,3
newer,3
aol,3
naval,3
quarterbacks,3
nasal,3
radiological,3
includesnn,3
reciprocated,3
recognizable,3
amd,3
mouse,3
month,3
meeting,3
miami,3
meant,3
immigrants,3
match,3
majority,3
mileage,3
shareholders,3
significance,3
lying,3
lungs,3
logic,3
moments,3
motivated,3
monthly,3
morning,3
strategiesnn,3
mystery,3
lists,3
lions,3
lifen,3
lidar,3
temperatures,3
lacks,3
labor,3
fish,3
knife,3
governance,3
nose,3
explored,3
keeps,3
obvious,3
73,3
officer,3
fulfilling,3
frustrated,3
japan,3
jacks,3
intel,3
principle,3
optimal,3
transparency,3
ordered,3
orleans,3
inner,3
outcome,3
triphosphate,3
idiot,3
parties,3
flashcards,3
harsh,3
fits,3
verification,3
peppers,3
listings,3
facilitate,3
700,3
glare,3
flag,3
gives,3
giant,3
ghost,3
funny,3
flaw,3
alternatively,3
2nn,3
floor,3
pivotal,3
flags,3
plateau,3
firms,3
fires,3
fight,3
polygon,3
fiber,3
fever,3
portals,3
carbohydrates,3
posture,3
collaboration,3
enthusiasm,3
poverty,3
praised,3
error,3
2nb,3
erode,3
254,3
empowering,3
exposing,3
premium,3
pressures,3
computational,3
concentration,3
dying,3
dubai,3
drops,3
consultations,3
dream,3
1nu,3
controversial,3
drain,3
pressured,3
doses,3
listener,3
debut,3
150,3
prompts,3
prophet,3
10x,3
downloaded,3
prescribe,3
dates,3
dance,3
10n,3
goes,3
crazy,3
discourage,3
crave,3
discomfort,3
discipline,3
craft,3
goto,3
0th,3
chuck,3
extended,3
chord,3
fertilization,3
chips,3
functionality,3
rebuild,3
cater,3
catch,3
describing,3
independently,3
ok,3
intentionally,3
dependence,3
investigating,3
reforms,3
investigation,3
definition,3
na,3
n8,3
belts,3
began,3
basis,3
renewed,3
banks,3
replace,3
critically,3
bands,3
array,3
arise,3
coursework,3
arenn,3
perpendicular,3
corruption,3
adult,3
restart,3
25,3
resting,3
linspire,3
precipitation,3
convenient,3
29,3
adapt,3
narrowing,3
revenue,3
acids,3
continents,3
aafes,3
containing,3
containers,3
hits,3
1970s,3
1120h,3
xbox,3
hold,3
rituals,3
roughly,3
wins,3
connecting,3
wind,3
russell,3
fairness,3
holy,3
iv,3
sadness,3
wife,3
computern2,3
comprising,3
compressed,3
limiting,3
revolutionary,3
compliance,3
wave,3
wars,3
hour,3
void,3
socioeconomic,3
huge,3
committing,3
ip,3
turn,3
scratch,3
tube,3
trip,3
toys,3
town,3
hr,3
undergraduate,3
tonn,3
lifespan,3
seniors,3
corrupted,3
countless,3
sexiest,3
consuming,3
licensed,3
considern,3
shaving,3
conscious,3
censorship,3
creatures,3
signify,3
tiny,3
sisters,3
iraq,3
conducted,3
soccers,3
hi,3
soldier,3
computing,3
comparing,3
deception,3
soulful,3
colonists,3
ircc,3
cognitive,3
laughter,3
boyfriends,3
christmas,3
plot,3
childcare,3
democracy,3
betelgeuse,3
dentistry,3
2n,3
kentucky,3
cessation,3
stretch,3
described,3
strikes,3
designers,3
celestial,3
teas,3
broadcast,3
stylish,3
authorized,3
journals,3
digestion,3
direction,3
directors,3
supreme,3
beginning,3
baltimore,3
assessment,3
surgery,3
symbols,3
discounts,3
targets,3
teacher,3
discovery,3
disorders,3
authority,3
anticipate,3
jobs,3
audiences,3
thermal,3
distances,3
outbreaks,3
diversity,3
tissues,3
assessing,3
tracked,3
mathematicians,3
ge,3
joke,3
appearing,3
afterwards,3
affordable,3
trigger,3
appealing,3
jpgs,3
kana,3
antiviral,3
amplified,3
americans,3
unicorn,3
achievable,3
3d,3
algorithm,3
affection,3
adjusting,3
electrons,3
characteristics,3
adenosine,3
absorption,3
eliminate,3
achieving,3
stis,3
according,3
ex,3
viewing,3
virtues,3
volumes,3
wireless,3
forceful,3
energetic,3
pill,3
wonderful,3
webpage,3
westward,3
weighing,3
ei,3
vomiting,3
enjoyable,3
visitors,3
violated,3
verisyse,3
pick,3
volunteer,3
certifications,3
verified,3
winters,3
vampires,3
legs,3
witness,3
lens,3
validate,3
evolution,3
dr,3
expanding,3
xandros,3
expensive,3
absorbed,3
abundant,3
accident,3
explosive,3
usability,3
transmit,3
administrations,3
expulsion,3
extremely,3
timeless,3
fastpaced,3
lift,3
favorites,3
solo,3
sole,3
alluring,3
although,3
aluminum,3
testable,3
teamwork,3
soap,3
hydrated,3
initiate,3
antibody,3
truespace,3
friction,3
appeared,3
triangles,3
taxation,3
filtering,3
financing,3
peak,3
tailored,3
frontend,3
palo,3
tolerance,3
photoshop,3
athletes,3
athletic,3
phosphate,3
fullness,3
timeframe,3
phenomena,3
supports,3
threshold,3
supplies,3
balances,3
barriers,3
load,3
00,3
struggle,3
testament,3
formation,3
strictly,3
informed,3
francisco,3
galactic,3
betrayal,3
birthday,3
blisters,3
frequency,3
galaxies,3
straight,3
boosting,3
brackets,3
stemming,3
objective,3
infected,3
stations,3
buddhism,3
silk,3
oversight,3
geometry,3
calculus,3
incoming,3
generated,3
generates,3
summaries,3
suggested,3
suffering,3
someones,3
sneezing,3
subscribe,3
smallest,3
slippage,3
greetings,3
cellular,3
cemented,3
cerebral,3
stressful,3
cervical,3
simulate,3
showcase,3
severity,3
sequence,3
securing,3
claiming,3
organizational,3
clicking,3
climbers,3
coloring,3
seagrape,3
commerce,3
scholars,3
hepatitis,3
salaries,3
spectacle,3
rigorous,3
historynn,3
sexy,3
sourcesnn,3
disappointment,3
reptiles,3
identical,3
solutions,3
concrete,3
societies,3
replaced,3
renowned,3
illnesses,3
gestures,3
removing,3
thoughtfulness,3
impactful,3
similarly,3
converts,3
sightings,3
countrys,3
says,3
48,3
regional,3
penalties,3
servicesn,3
referred,3
sale,3
september,3
simultaneously,3
sentiment,3
humorous,3
sensation,3
cylinder,3
damaging,3
darkness,3
installed,3
pathogens,3
delicate,3
delivers,3
integrate,3
schedules,3
describe,3
integrity,3
opponents,3
prostate,3
intention,3
impaired,3
50,3
rotavirus,3
director,3
organisms,3
guidenn1,3
displays,3
promotes,3
scientifically,3
interfere,3
interrupt,3
mode,3
hangover,3
51,3
roll,3
profiles,3
division,3
inventory,3
moon,3
discouraged,3
son,3
invisible,3
discussions,3
destination,3
tab,3
description,3
regain,3
ten,3
profit,3
sit,3
prince,3
printers,3
primal,3
prayer,3
resume,3
credentials,3
potent,3
polite,3
reward,3
rhythm,3
richie,3
riddle,3
cooperation,3
seo,3
convenience,3
sea,3
contributes,3
runner,3
russia,3
safari,3
sdh,3
safely,3
electronics,3
sba,3
sample,3
sat,3
placed,3
wet,3
pelvic,3
papers,3
palace,3
scores,3
oxford,3
owners,3
sector,3
ottawa,3
orders,3
orbits,3
senate,3
sensor,3
reporting,3
pwn,3
revolutionized,3
composition,3
orange,3
shaped,3
nnthey,3
nnmany,3
sharks,3
financially,3
flexibility,3
nation,3
1000,3
groundbreaking,3
naruto,3
sleeps,3
slogan,3
muslim,3
citizenship,3
frequencies,3
prepared,3
frustration,3
1955,3
generations,3
sorted,3
chapaquitic,3
monroe,3
certificate,3
molten,3
ct,3
missed,3
sprint,3
meters,3
memory,3
stance,3
1991,3
starts,3
marvel,3
politely,3
1994,3
languages,3
steady,3
stimpy,3
stolen,3
manual,3
magnet,3
stroke,3
backgrounds,3
lookup,3
submit,3
authorities,3
subtly,3
summer,3
sunday,3
attachments,3
1997,3
athleticism,3
london,3
switch,3
pdh,3
inclusivity,3
lineup,3
tattoo,3
tenant,3
tenets,3
tennis,3
httpscdnbritannicacom33189633050e108f2b5illustrationhumanlifecycleincludinggerminationgrowthbirthjpg,2
httpsenwikipediaorgwikihumanreproductionmediafilehumanreproductivesystemmalefemalesvg,2
httpswwwmayoclinicorgdiseasesconditionshangoverdiagnosistreatmentdrc20372915,2
httpswwwniaaanihgovpublicationsbrochuresandfactsheetshangover,2
httpswwwsparknotescomhealthgrowthdevelopmentstagespicture,2
httpsoceanservicenoaagoveducationtidestidesintrohtml,2
httpswwwbitdefendercom,2
misunderstandings,2
httpswwwmcafeecom,2
misunderstanding,2
httpsusnortoncom,2
gastrointestinal,2
vulnerabilities,2
stateprovincial,2
spywareblasters,2
generalizations,2
federalnational,2
experiencennthe,2
experiencennfor,2
corticosteroids,2
classifications,2
transportation,2
transformative,2
spywareblaster,2
selfemployment,2
schwarzenegger,2
reorganization,2
qualifications,2
professionally,2
predisposition,2
perspectivesnn,2
nnspecifically,2
identification,2
highlyregarded,2
decisionmaking,2
characteristic,2
cardiovascular,2
budgetfriendly,2
attractiveness,2
airconditioned,2
usersubmitted,2
unsustainable,2
transgression,2
technological,2
substantiated,2
strengthening,2
strategically,2
reinforcement,2
quadrilateral,2
predominantly,2
possibilities,2
physiological,2
philosophical,2
modifications,2
misremembered,2
methodologies,2
massachusetts,2
manufacturing,2
lissencephaly,2
justification,2
jurisdictions,2
irresponsible,2
instructional,2
inexperienced,2
indeterminate,2
inconspicuous,2
immunotherapy,2
fundamentally,2
fictionalized,2
entrepreneurs,2
disheartening,2
differentiate,2
demonstration,2
decongestants,2
decentralized,2
cryptographic,2
contraception,2
confrontation,2
complementary,2
communicating,2
collaborative,2
alternativesn,2
acknowledging,2
youtubevimeo,2
yourvideourl,2
yourimageurl,2
workfromhome,2
trigonometry,2
transmission,2
translucency,2
transferable,2
romantically,2
reinstalling,2
registration,2
publications,2
preventative,2
pennsylvania,2
pediatrician,2
orientations,2
observations,2
nutrientrich,2
neurological,2
negotiations,2
myfitnesspal,2
monotheistic,2
monetization,2
mistreatment,2
metropolitan,2
marketplaces,2
longstanding,2
insufficient,2
individually,2
improvements,2
homelessness,2
heterosexual,2
governorship,2
firefighters,2
distributors,2
distinctions,2
displacement,2
developments,2
destinations,2
demonstrates,2
demographics,2
deliberately,2
contaminated,2
construction,2
conservation,2
connectivity,2
conditioning,2
compromising,2
civilization,2
circumcision,2
calculations,2
appreciating,2
alphabetical,2
agricultural,2
aggressively,2
adaptability,2
acknowledges,2
32kbps16kbps,2
wordofmouth,2
ventilation,2
unsubscribe,2
undoubtedly,2
undertaking,2
underserved,2
underground,2
ultraviolet,2
transformed,2
thoroughlyn,2
technically,2
superlative,2
suggestions,2
subtracting,2
stimulation,2
specificity,2
solidifying,2
snowmobiles,2
skuldudgery,2
sendreceive,2
selectively,2
segregation,2
scalability,2
restoration,2
residential,2
remembering,2
rehydration,2
reassurance,2
quarterback,2
provocative,2
progression,2
probability,2
prioritizes,2
prestigious,2
preparation,2
predictions,2
positioning,2
portmanteau,2
platformsnn,2
photodeluxe,2
persecution,2
permissions,2
pedagogical,2
palestinian,2
objectively,2
negotiation,2
mountainous,2
merchandise,2
lowpressure,2
libreoffice,2
lesserknown,2
legislature,2
involuntary,2
introducing,2
intentional,2
instruments,2
instruction,2
instability,2
initiatives,2
informative,2
includingnn,2
implemented,2
hepatocytes,2
hemispheres,2
headscarves,2
genetically,2
fulfillment,2
fortunately,2
featurerich,2
extravagant,2
extensively,2
experiments,2
experiencen,2
exclamation,2
exceptional,2
examination,2
equiangular,2
enthusiasts,2
encompasses,2
emphasizing,2
ellipticals,2
eliminating,2
electrolyte,2
electricity,2
ejaculation,2
eigenvalues,2
efficiently,2
dysfunction,2
downloading,2
distributed,2
distinction,2
discovering,2
disciplines,2
diphosphate,2
determinant,2
desperation,2
descriptive,2
deployments,2
departments,2
denominator,2
dehydration,2
definitions,2
cuttingedge,2
corrections,2
copyrighted,2
controversy,2
contraction,2
continental,2
constructed,2
constraints,2
constituent,2
consideredn,2
consequence,2
consciously,2
compulsions,2
competitors,2
collections,2
codependent,2
circulating,2
cholesterol,2
celebrating,2
capillaries,2
calibration,2
boyfriendnn,2
atmospheric,2
approaching,2
appointment,2
affordablen,2
advertising,2
advancement,2
accompanied,2
accessories,2
19thcentury,2
1560nnumber,2
worthwhile,2
withdrawal,2
weaknesses,2
washington,2
visibility,2
viewpoints,2
vibrations,2
versailles,2
verifiable,2
upbringing,2
unverified,2
unpleasant,2
underworld,2
translates,2
translated,2
trajectory,2
touchdowns,2
technician,2
systematic,2
suspicious,2
supervised,2
suggestion,2
substitute,2
subsequent,2
submitting,2
strengthen,2
stimulated,2
statistics,2
stagnation,2
sponsoring,2
softwaren3,2
skintoskin,2
sixwheeled,2
simplicity,2
signatures,2
separation,2
separately,2
segregated,2
screenings,2
sanitation,2
restricted,2
restarting,2
resourcesn,2
requesting,2
repository,2
repetition,2
remarkable,2
refreshing,2
reevaluate,2
redemption,2
recognizes,2
reactionsn,2
purposesnn,2
punishment,2
protecting,2
proponents,2
pronounced,2
professors,2
processors,2
procedural,2
prevailing,2
preserving,2
presenting,2
possessing,2
portuguese,2
politeness,2
playmaking,2
plasmodium,2
plantbased,2
philosophy,2
persecuted,2
permission,2
performing,2
passionate,2
overseeing,2
opposition,2
obsessions,2
negligible,2
narratives,2
moisturize,2
misprinted,2
microphone,2
microfiber,2
messengers,2
meditation,2
mechanicsn,2
meaningful,2
maximizing,2
louisville,2
logarithms,2
laboratory,2
kinderhook,2
irritation,2
involvesnn,2
invitation,2
introduced,2
intertidal,2
internally,2
intentions,2
instrument,2
influences,2
influenced,2
infidelity,2
infectionn,2
inequality,2
indirectly,2
indicators,2
indicative,2
indecision,2
incomplete,2
inadequate,2
imbalances,2
illustrate,2
identified,2
hypothesis,2
highimpact,2
highenergy,2
heightened,2
healthiest,2
headphones,2
guarantees,2
grievances,2
graduation,2
filibuster,2
extraction,2
expressive,2
explicitly,2
explaining,2
everything,2
evaluation,2
evaluating,2
equivalent,2
entrylevel,2
endorphins,2
encounters,2
elliptical,2
electrodes,2
durability,2
dualthreat,2
dreamworks,2
documented,2
distribute,2
disruption,2
displaying,2
dishonesty,2
discretion,2
disconnect,2
discerning,2
disability,2
directions,2
developers,2
determines,2
designated,2
depressive,2
deployment,2
deductions,2
decisionnn,2
customersn,2
cultivated,2
creativity,2
correction,2
converting,2
conversely,2
convention,2
controller,2
contenders,2
contagious,2
conspiracy,2
conducting,2
conceptual,2
compliment,2
completion,2
completing,2
competence,2
compassion,2
comparable,2
combustion,2
collectors,2
coastlines,2
cloudbased,2
cartridges,2
capacitors,2
brilliance,2
blockchain,2
behavioral,2
astronomer,2
applicants,2
antibodies,2
antibiotic,2
agreements,2
aggression,2
adventures,2
admissions,2
adjustment,2
adjustable,2
actionable,2
accusation,2
accidental,2
acceptance,2
wrestlers,2
woodchuck,2
wholesale,2
wellknown,2
welcoming,2
websiten2,2
wallpaper,2
voluntary,2
visualize,2
viewpoint,2
vibration,2
vertebral,2
vertebrae,2
verifying,2
urination,2
untreated,2
unhealthy,2
uncertain,2
twofactor,2
treatable,2
transport,2
thrilling,2
textbooks,2
territory,2
teammates,2
taxpayers,2
tagnnthis,2
symptomsn,2
suppliers,2
summarize,2
subsidies,2
subdomain,2
struggled,2
straining,2
stimulate,2
spreading,2
speculate,2
spectator,2
specifics,2
sinusoids,2
sincerity,2
signature,2
shortterm,2
shortness,2
shortcuts,2
servicenn,2
serotonin,2
seriously,2
separated,2
secretive,2
scholarly,2
satellite,2
salvation,2
saltwater,2
sacrifice,2
robertson,2
revealing,2
retaining,2
restoring,2
respected,2
resolving,2
residents,2
replicate,2
repayment,2
renewable,2
relations,2
rehearsal,2
regaining,2
referring,2
recurring,2
recipient,2
receiving,2
recalling,2
readiness,2
ramaphosa,2
qualified,2
quadratic,2
purposesn,2
purchased,2
published,2
prospects,2
promising,2
prolonged,2
producers,2
probation,2
proactive,2
prisoners,2
primitive,2
prejudice,2
predators,2
possiblen,2
portfolio,2
pollution,2
plausible,2
personnel,2
perpetual,2
performed,2
pentiumsn,2
pediatric,2
passwords,2
paperwork,2
ovulation,2
otherwise,2
onlineapp,2
offspring,2
offerings,2
ocellated,2
nussmeier,2
notoriety,2
normalize,2
nonprofit,2
nominates,2
nnhowever,2
nightmare,2
neutrally,2
negotiate,2
nashville,2
mythology,2
musicians,2
municipal,2
multitude,2
movements,2
molecular,2
modifying,2
misguided,2
mentioned,2
menstrual,2
malaysian,2
longevity,2
locationn,2
lightyear,2
leverages,2
leisurely,2
laxatives,2
lawmaking,2
landfills,2
kennebunk,2
judgments,2
jerusalem,2
iterative,2
iteration,2
isolation,2
involvenn,2
intuition,2
intrusion,2
intricate,2
interpret,2
internets,2
instantly,2
inquiries,2
injustice,2
influenza,2
indicator,2
increases,2
inclusive,2
immigrant,2
immersive,2
imbalance,2
ifc300pcu,2
ibuprofen,2
hypomanic,2
hydrazine,2
hydration,2
hurricane,2
household,2
hostnames,2
hospitals,2
holocaust,2
hierarchy,2
headaches,2
hazardous,2
halfcourt,2
graduated,2
gathering,2
galleries,2
franchise,2
followers,2
fluctuate,2
filaments,2
fictional,2
festivals,2
feelingsn,2
featuring,2
factorial,2
extension,2
explosion,2
explorers,2
explained,2
excelling,2
ethically,2
estranged,2
equations,2
enriching,2
enjoyment,2
engulfing,2
engineers,2
energizes,2
endlessly,2
empirical,2
elsewhere,2
elephants,2
elections,2
downwards,2
dominance,2
divisions,2
dividends,2
districts,2
displaced,2
discussed,2
diplomacy,2
dinosaurs,2
differing,2
diagnosed,2
detailing,2
desirable,2
describes,2
depiction,2
deduction,2
decreases,2
deadlines,2
cutthroat,2
curvature,2
cultivate,2
cucumbers,2
criminals,2
converter,2
contentnn,2
contacted,2
connector,2
conflicts,2
condemned,2
compounds,2
competing,2
cocktails,2
cleveland,2
classical,2
citystate,2
certified,2
capturing,2
candidate,2
campaigns,2
broadband,2
boutiques,2
bluetooth,2
beginners,2
bandwidth,2
bacterial,2
australia,2
attorneys,2
attending,2
attackers,2
associate,2
assisting,2
appointed,2
apologies,2
animosity,2
amplitude,2
ambulance,2
ambitious,2
alltrails,2
alleviate,2
airplanes,2
afterward,2
affiliate,2
affecting,2
aesthetic,2
advocated,2
adversity,2
adventure,2
advantage,2
adherence,2
addressed,2
acclaimed,2
absorbing,2
abscesses,2
abhyudaya,2
17yearold,2
zoomable,2
wrestler,2
whatsapp,2
wellness,2
webspace,2
webbased,2
weakness,2
virginia,2
versionn,2
vastness,2
vascular,2
username,2
uploaded,2
unicorns,2
uncommon,2
twitches,2
truennnn,2
tropical,2
treasure,2
traction,2
toprated,2
terminal,2
template,2
talented,2
systemsn,2
sweepers,2
survival,2
surgical,2
sunlight,2
subtract,2
stylized,2
stunning,2
stopping,2
starring,2
staffing,2
spoonful,2
spelling,2
speakers,2
southern,2
smoother,2
simplify,2
simplest,2
shouldnt,2
shipping,2
selfless,2
segments,2
securely,2
sectionn,2
seawater,2
scanning,2
ruthless,2
reusable,2
retained,2
restrict,2
restored,2
residing,2
reserved,2
reliance,2
register,2
refugees,2
reenable,2
rankings,2
randomly,2
quickest,2
qualityn,2
pussycat,2
protocol,2
proposes,2
proposed,2
proposal,2
prophets,2
promises,2
produces,2
prevents,2
pressing,2
pregnant,2
precious,2
politics,2
polished,2
plugging,2
playlist,2
platinum,2
placesnn,2
pinpoint,2
pigments,2
pictures,2
petition,2
perceive,2
pentagon,2
passport,2
paperboy,2
pakistan,2
painless,2
packages,2
overview,2
overhead,2
outweigh,2
organism,2
opponent,2
operates,2
operated,2
onthejob,2
officers,2
occasion,2
nutrient,2
numerals,2
november,2
naproxen,2
mysterio,2
myspaces,2
mutually,2
mutation,2
multiply,2
mountain,2
monetary,2
momentum,2
modeling,2
mistaken,2
missouri,2
mirrored,2
michelle,2
mentions,2
memorize,2
membrane,2
measured,2
massacre,2
mantissa,2
lowlevel,2
lollipop,2
limewire,2
librarys,2
lettersn,2
lawsuits,2
latitude,2
lacrosse,2
kennedys,2
katakana,2
invented,2
integers,2
instinct,2
inserted,2
informal,2
indirect,2
included,2
incident,2
idolatry,2
hydrogen,2
hovering,2
hotornot,2
honolulu,2
homepage,2
hiragana,2
hesitate,2
hermione,2
hardness,2
happened,2
guinness,2
graphics,2
generous,2
garments,2
gargling,2
fraction,2
fostered,2
foreskin,2
forecast,2
folklore,2
flooding,2
firewall,2
fibroids,2
fastfood,2
failures,2
explains,2
expected,2
evaluate,2
escalate,2
erectile,2
entitled,2
enhances,2
engraved,2
emphasis,2
elevated,2
elegance,2
electric,2
election,2
dreaming,2
drawings,2
draining,2
drainage,2
drafting,2
doorknob,2
doctrine,2
dividing,2
dislodge,2
diseases,2
diarrhea,2
devotion,2
detector,2
detected,2
designer,2
demeanor,2
deleting,2
defenses,2
defaults,2
dedicate,2
declared,2
daylight,2
daughter,2
currents,2
crystals,2
crucialn,2
crossing,2
creature,2
creation,2
crawling,2
coverage,2
cosmetic,2
coronary,2
corduroy,2
conveynn,2
consumer,2
consists,2
connects,2
compress,2
commands,2
columbus,2
collects,2
cohesive,2
climbing,2
clearing,2
cleaners,2
citizens,2
chloride,2
checkups,2
charisma,2
chapters,2
chandler,2
catholic,2
catching,2
cashless,2
cartoons,2
cardinal,2
captured,2
calories,2
buybacks,2
buttonn3,2
buchanan,2
brackish,2
blockage,2
blending,2
bisector,2
biosuefi,2
billions,2
biblical,2
believes,2
beginner,2
baseline,2
backbone,2
auctions,2
attracts,2
attitude,2
attached,2
artisans,2
arrivals,2
archived,2
aptitude,2
anothers,2
analysts,2
alphabet,2
allergic,2
addressn,2
addition,2
adapting,2
achieved,2
accessed,2
abstract,2
90degree,2
1099misc,2
yellows,2
yelling,2
wounded,2
worship,2
winding,2
whiskey,2
western,2
welcome,2
wayback,2
waternn,2
warfare,2
walking,2
virtual,2
viewers,2
videosn,2
victims,2
veteran,2
vessels,2
venture,2
vectors,2
vaginal,2
utility,2
urinary,2
urgency,2
upwards,2
uploads,2
upfront,2
uniform,2
umayyad,2
turning,2
turkish,2
triumph,2
trilogy,2
treated,2
treason,2
trading,2
touches,2
topicsn,2
threads,2
theater,2
texture,2
tenants,2
teamsnn,2
teaches,2
talents,2
symptom,2
suicide,2
sucrose,2
streets,2
stemmed,2
startup,2
spyware,2
spotify,2
sitting,2
sinuses,2
simpler,2
silence,2
signsnn,2
shiftnn,2
shifted,2
sharply,2
seventh,2
sensory,2
senders,2
sempron,2
sectors,2
seasons,2
scholar,2
scarlet,2
samesex,2
sabrent,2
rushing,2
rubbing,2
rounded,2
romance,2
roadmap,2
roaches,2
retired,2
reserve,2
relying,2
relieve,2
relates,2
recruit,2
readers,2
ranking,2
rambler,2
pushing,2
pursued,2
pulling,2
proving,2
printed,2
priests,2
preview,2
prequel,2
premise,2
poultry,2
posting,2
poorest,2
podcast,2
plugged,2
planned,2
planets,2
phrases,2
persons,2
peoples,2
pentium,2
pedroza,2
patrick,2
pathsnn,2
passive,2
passage,2
package,2
othersn,2
orbital,2
offices,2
october,2
oceania,2
obesity,2
nursing,2
numeral,2
nuclear,2
nuances,2
nuanced,2
nigeria,2
nervous,2
neededn,2
natures,2
myspace,2
musical,2
muawiya,2
moniker,2
minimal,2
mindset,2
melting,2
matches,2
mapping,2
manning,2
manages,2
mammals,2
magical,2
lowcost,2
locally,2
loading,2
lindsey,2
lighter,2
lessons,2
lenders,2
legally,2
leaving,2
learned,2
leaning,2
laptops,2
lacking,2
labonte,2
labeled,2
knowing,2
knights,2
killing,2
katrina,2
judging,2
issuesn,2
isprime,2
isolate,2
integer,2
impress,2
imagers,2
ignites,2
ideally,2
hunting,2
humming,2
htmlcss,2
hitting,2
harding,2
hallows,2
grooves,2
granted,2
grammar,2
goalsnn,2
glasses,2
genesis,2
generic,2
gateway,2
gallery,2
galatas,2
framing,2
frac362,2
frac180,2
founder,2
founded,2
fortune,2
forever,2
flowers,2
fitting,2
firstnn,2
firearm,2
finance,2
filters,2
fiction,2
feeding,2
fashion,2
farmers,2
fanbase,2
failing,2
faculty,2
factual,2
exposes,2
experts,2
exhibit,2
execute,2
excited,2
examine,2
ethanol,2
estuary,2
eroding,2
episode,2
entries,2
energyn,2
empower,2
emotion,2
emerges,2
elicits,2
element,2
editors,2
donnthe,2
dollars,2
divorce,2
divisor,2
distant,2
dislike,2
discord,2
dignity,2
diamond,2
diagram,2
despair,2
desires,2
descend,2
derives,2
dentist,2
decline,2
declare,2
debates,2
deathly,2
dealers,2
daniels,2
dancing,2
cycling,2
cutting,2
curling,2
culvert,2
culprit,2
crystal,2
crosses,2
covered,2
cousins,2
couples,2
coupled,2
counted,2
costume,2
contest,2
contend,2
commons,2
command,2
columns,2
collect,2
clinics,2
climate,2
clarify,2
charges,2
charged,2
celeron,2
carotid,2
candles,2
calming,2
cabinet,2
buttons,2
bundled,2
bullets,2
buildup,2
breakup,2
bravery,2
bowling,2
bootrom,2
blowout,2
blanket,2
beloved,2
barrier,2
ballato,2
awarded,2
avoided,2
authors,2
arrange,2
appeals,2
aphasia,2
aniston,2
aninias,2
amusing,2
amplify,2
altered,2
algebra,2
advised,2
advicen,2
advance,2
actress,2
acronym,2
accused,2
absorbs,2
abraham,2
abdomen,2
yahoos,2
worsen,2
worker,2
worked,2
wordsn,2
winrar,2
wheels,2
werent,2
weekly,2
weebly,2
watern,2
waking,2
voting,2
voters,2
visits,2
vested,2
vertex,2
velvet,2
urgent,2
upbeat,2
unless,2
unfold,2
unfair,2
turtle,2
turkey,2
turing,2
tuning,2
trustn,2
tribes,2
trendy,2
traits,2
tragic,2
tracks,2
traces,2
torque,2
titers,2
thrive,2
threat,2
tested,2
tenure,2
temper,2
tartar,2
taoism,2
tailor,2
tables,2
suites,2
sugary,2
stupid,2
stuffy,2
studio,2
strict,2
street,2
strain,2
stored,2
stones,2
stitch,2
stakes,2
stages,2
sprays,2
spinal,2
speeds,2
soviet,2
softer,2
snacks,2
smirks,2
sleepy,2
sizing,2
silent,2
sidesn,2
sheets,2
sheave,2
shades,2
senior,2
seabed,2
screws,2
sacred,2
ruling,2
rubber,2
rotten,2
roster,2
romero,2
romaji,2
rolesn,2
robert,2
ripple,2
riding,2
retain,2
repeat,2
rental,2
relate,2
refuse,2
reflex,2
ratios,2
rarity,2
random,2
raised,2
racial,2
qwater,2
puerto,2
prompt,2
prints,2
preamp,2
powers,2
posted,2
portal,2
plates,2
plaque,2
planet,2
piggys,2
permit,2
pctopc,2
passer,2
packed,2
pacing,2
outlet,2
orgasm,2
organs,2
ordern,2
opened,2
nurses,2
nuance,2
novels,2
notion,2
nicole,2
narrow,2
museum,2
morgan,2
monica,2
mongol,2
mirror,2
mimics,2
mickey,2
meuble,2
metric,2
matrix,2
locate,2
lebron,2
lawful,2
ladder,2
judges,2
jersey,2
israel,2
iodine,2
invent,2
intels,2
intact,2
injury,2
indias,2
iframe,2
hughes,2
hubcap,2
houses,2
hotter,2
hiring,2
hiphop,2
hinges,2
hiking,2
hidden,2
hearts,2
havent,2
havens,2
harbor,2
greedy,2
grease,2
gossip,2
galaxy,2
funded,2
frozen,2
friday,2
france,2
framed,2
forgot,2
flower,2
flocks,2
flight,2
flames,2
finger,2
finals,2
filter,2
fervor,2
father,2
fabric,2
f02zip,2
f01zip,2
extend,2
expect,2
exists,2
evolve,2
evansn,2
ethnic,2
ethics,2
erakly,2
equals,2
ending,2
enable,2
embryo,2
edward,2
easier,2
duties,2
drains,2
double,2
dishes,2
differ,2
denser,2
denial,2
demons,2
defeat,2
decade,2
debtor,2
dealer,2
deadly,2
darker,2
daring,2
dances,2
cutout,2
crises,2
crimes,2
couple,2
costar,2
corner,2
copies,2
copied,2
cooler,2
convey,2
column,2
colony,2
coined,2
codecs,2
clinic,2
circle,2
chorus,2
chinas,2
checks,2
cervix,2
celery,2
capita,2
canton,2
candle,2
camera,2
buying,2
button,2
builds,2
browse,2
briggs,2
branch,2
boxing,2
bought,2
bodily,2
bluray,2
blonde,2
biases,2
berlin,2
banned,2
avoids,2
author,2
athlon,2
artist,2
arthur,2
artery,2
arises,2
apples,2
alumni,2
alloys,2
alleys,2
albums,2
advise,2
admire,2
adjust,2
accept,2
abrupt,2
162315,2
14foot,2
wrath,2
woods,2
withn,2
wings,2
winds,2
wifes,2
waynn,2
warts,2
walks,2
vying,2
vocal,2
vista,2
vimeo,2
verse,2
venus,2
vents,2
valve,2
vagus,2
upset,2
twice,2
trove,2
trick,2
traps,2
tract,2
trace,2
toxic,2
token,2
tired,2
timen,2
tiers,2
throw,2
thick,2
theyd,2
texas,2
tells,2
tease,2
taxed,2
table,2
stuck,2
steep,2
steel,2
spots,2
spine,2
spent,2
socks,2
smoky,2
smoke,2
slept,2
sleds,2
slang,2
skype,2
sizes,2
sight,2
shoes,2
shine,2
sheet,2
shark,2
setup,2
seeks,2
scrub,2
ruler,2
ruled,2
ropes,2
risky,2
reset,2
repay,2
relax,2
ratio,2
ramps,2
quran,2
qbomb,2
pumps,2
pulse,2
proxy,2
prove,2
prone,2
pride,2
prank,2
plant,2
plain,2
pitch,2
picks,2
peter,2
paris,2
pairs,2
optic,2
novel,2
nnyou,2
nnfor,2
njmvc,2
mysql,2
moves,2
motor,2
moren,2
moles,2
milky,2
messy,2
meets,2
medal,2
mayor,2
macos,2
loyal,2
lousy,2
louis,2
loose,2
looks,2
lodge,2
licks,2
leigh,2
leans,2
leafy,2
laser,2
larry,2
label,2
kohli,2
kjmol,2
kinds,2
jolie,2
itchy,2
irish,2
idiom,2
hopes,2
honor,2
homes,2
hobby,2
henry,2
heard,2
habit,2
guest,2
greed,2
goods,2
gifts,2
gauge,2
gains,2
fuels,2
fruit,2
frank,2
frame,2
forum,2
folds,2
fluid,2
flows,2
flood,2
flaws,2
fines,2
fdisk,2
favor,2
fatal,2
fails,2
facts,2
excel,2
exams,2
edict,2
edges,2
ecard,2
dwarf,2
dried,2
dress,2
draft,2
dietn,2
delia,2
delay,2
decay,2
cysts,2
curse,2
cream,2
congo,2
conch,2
clots,2
clerk,2
citys,2
chris,2
chaos,2
chalk,2
certs,2
cdrom,2
cards,2
cache,2
cacao,2
bound,2
bored,2
bonus,2
bonds,2
blank,2
belly,2
beach,2
balls,2
balln,2
award,2
avian,2
arenk,2
april,2
added,2
adams,2
actor,2
37254,2
1980s,2
16800,2
zoos,2
zoom,2
yard,2
worn,2
wipe,2
wine,2
whos,2
west,2
wayn,2
wary,2
wall,2
vucg,2
vibe,2
utc5,2
usgs,2
urge,2
ugly,2
ucla,2
troy,2
tree,2
trap,2
tour,2
tint,2
tide,2
thus,2
tend,2
teen,2
tear,2
sung,2
sold,2
soda,2
snug,2
snow,2
sins,2
sine,2
shop,2
shia,2
shed,2
sets,2
seth,2
sent,2
sees,2
salt,2
rome,2
rico,2
rage,2
push,2
prep,2
pour,2
pnac,2
plus,2
pipe,2
pink,2
perm,2
payn,2
park,2
pale,2
pair,2
pack,2
outn,2
onnn,2
odbc,2
none,2
noel,2
nnso,2
nnin,2
nico,2
neat,2
ncaa,2
navy,2
n2h4,2
myth,2
mole,2
miss,2
mini,2
milk,2
mere,2
mens,2
mars,2
mark,2
lots,2
loan,2
lint,2
lams,2
laid,2
lady,2
kiss,2
keys,2
junk,2
jazz,2
itnn,2
itn3,2
itn2,2
isnn,2
iron,2
innn,2
indy,2
imap,2
i140,2
hvac,2
http,2
hrxn,2
hole,2
herd,2
hate,2
gyri,2
gimp,2
gear,2
gave,2
gaps,2
fury,2
fund,2
folk,2
fnet,2
fitz,2
fill,2
feat,2
fake,2
fail,2
etsy,2
else,2
efax,2
dvds,2
duty,2
dust,2
dumb,2
duck,2
drag,2
dish,2
disc,2
died,2
damp,2
cups,2
crme,2
chat,2
carl,2
cane,2
buck,2
bots,2
boot,2
bold,2
blur,2
blow,2
bind,2
bias,2
beef,2
beat,2
bath,2
bang,2
atom,2
atas,2
arts,2
arms,2
anal,2
amds,2
aims,2
afar,2
acid,2
80gb,2
5760,2
3205,2
20th,2
2022,2
2018,2
2017,2
2012,2
2011,2
2003,2
2002,2
1995,2
1990,2
1986,2
1974,2
180n,2
17th,2
16th,2
1040,2
1027,2
1020,2
yew,2
wwe,2
wto,2
wix,2
wed,2
wax,2
vlc,2
usn,2
upn,2
toy,2
tom,2
tim,2
tie,2
tas,2
tag,2
svr,2
src,2
six,2
sbc,2
sam,2
rey,2
ren,2
qkd,2
ppd,2
pod,2
pms,2
pal,2
pad,2
owa,2
ore,2
opt,2
onn,2
odi,2
ocd,2
net,2
ms2,2
mri,2
lsu,2
lot,2
lip,2
l2n,2
kit,2
jar,2
ive,2
imf,2
iis,2
idp,2
i1i,2
hue,2
hed,2
hbo,2
got,2
git,2
gig,2
fru,2
fiu,2
fee,2
fad,2
err,2
epk,2
dub,2
dig,2
die,2
dab,2
cut,2
cry,2
ceo,2
cat,2
ca2,2
bbb,2
bag,2
ata,2
ark,2
api,2
ads,2
adp,2
ac3,2
abv,2
911,2
858,2
850,2
729,2
720,2
712,2
65f,2
5th,2
4th,2
343,2
256,2
216,2
1nk,2
1ne,2
190,2
18c,2
170,2
144,2
128,2
125,2
120,2
070,2
027,2
yk,2
xh,2
xc,2
st,2
pa,2
oz,2
nt,2
ng,2
nd,2
nb,2
n9,2
mg,2
la,2
kg,2
jr,2
jk,2
ii,2
ie,2
hz,2
hp,2
ho,2
gl,2
et,2
d2,2
cs,2
ch,2
bb,2
ad,2
93,2
66,2
65,2
60,2
5n,2
4p,2
40,2
3n,2
32,2
2x,2
28,2
26,2
19,2
18,2
porcelain,1
fiercely,1
fieldnna,1
fidelity,1
khan,1
ferguson,1
portrayal,1
feelgood,1
possessed,1
february,1
potatoesn,1
featured,1
potplayer,1
fearsome,1
practiced,1
588,1
farthest,1
famously,1
preceding,1
familiar,1
fairtest,1
predictor,1
fainting,1
keyn,1
facennif,1
prefilled,1
eyeballs,1
preformat,1
premature,1
presented,1
prevented,1
explores,1
princeton,1
privately,1
exploits,1
exploded,1
explicit,1
kept,1
experian,1
producedn,1
expelled,1
communitydriven,1
producing,1
exnnhere,1
productsn,1
exhibits,1
exerting,1
profiting,1
executes,1
excusing,1
prognosis,1
progressn,1
excelled,1
prohibits,1
projectnn,1
evoluted,1
promotion,1
prompting,1
propagate,1
eventual,1
eventsnn,1
eventful,1
compassionnnthe,1
european,1
etruscan,1
ethology,1
ethiopia,1
ethernet,1
ethereal,1
ethanoln,1
estrogen,1
propertys,1
kale,1
576,1
erannits,1
protocols,1
equality,1
pursuitsn,1
envision,1
june,1
quizzesnn,1
quotation,1
rangennin,1
rbinfused,1
enslaved,1
enrolled,1
reactants,1
readwrite,1
jump,1
readymade,1
comprehensively,1
reassures,1
recession,1
enforces,1
enforced,1
reconnect,1
enclosed,1
enabling,1
recorders,1
rectangle,1
joys,1
recycling,1
emission,1
eminemn6,1
reiterate,1
relatives,1
releasing,1
eligible,1
concentrationnn,1
relevance,1
remarried,1
jojo,1
concertsporting,1
configurationnn,1
egyptian,1
efficacy,1
effectsn,1
educator,1
editingn,1
ecuadorn,1
remediesn,1
eclectic,1
repeating,1
earliest,1
earbudsn,1
repellent,1
dwelling,1
reproduce,1
duckling,1
drugscom,1
driveway,1
drivesnn,1
drivernn,1
requiredn,1
confrontational,1
jnn4,1
reservist,1
jnn3,1
jnn2,1
jimi,1
downtown,1
reservoir,1
dormancy,1
dopamine,1
jerk,1
doordash,1
donation,1
dominate,1
residence,1
resilient,1
dolphins,1
docusate,1
resistant,1
560,1
resisting,1
congratulations,1
diverged,1
diuretic,1
disturbs,1
distrust,1
resonated,1
resonates,1
resulting,1
retainers,1
dissolve,1
disrupts,1
disputes,1
disposed,1
reviewing,1
displace,1
disperse,1
righteous,1
dismayed,1
jaci,1
disliked,1
disguise,1
jabs,1
rivalries,1
rolennits,1
disaster,1
roosevelt,1
rostersn6,1
sandboxed,1
directed,1
diminish,1
diligent,1
diffused,1
dictated,1
diaspora,1
itsy,1
diameter,1
satisfied,1
dialects,1
diagonal,1
saturated,1
diabetic,1
saxophone,1
platformsnnregarding,1
devicesn,1
devicenn,1
devicen4,1
deviates,1
detonate,1
sapphirennultimately,1
4wd,1
scarecrow,1
detached,1
destined,1
cooperationnnto,1
scattered,1
deserved,1
scheduled,1
deportes,1
deployed,1
depicted,1
depended,1
costcompetitive,1
deloitte,1
schematic,1
scripting,1
sealsnnif,1
deletion,1
bearings,1
delegate,1
delaying,1
sebastian,1
deficits,1
defiance,1
deferred,1
4n3,1
defended,1
defeated,1
countynnhowever,1
crossreactivity,1
seclusion,1
decoding,1
declines,1
iran,1
decisive,1
securityn,1
decimals,1
deciding,1
december,1
deceiver,1
deceased,1
decanter,1
decadent,1
debating,1
dazzling,1
customercentric,1
davidson,1
ipec,1
datasets,1
segmentn2,1
segmentnn,1
dancepop,1
selective,1
damagenn,1
cystitis,1
semblance,1
cyclenn3,1
cuttings,1
seniority,1
dbsallianceorgn,1
sentences,1
separaten,1
serologys,1
440,1
crusader,1
cruising,1
inn2,1
croutons,1
info,1
cropping,1
critique,1
servicen3,1
sessionsn,1
sexuality,1
crevices,1
credited,1
420,1
shelllike,1
imdb,1
shortform,1
405,1
crashing,1
cramming,1
crafting,1
crackers,1
coworker,1
shorthand,1
iijs,1
couriers,1
countsnk,1
showcases,1
counting,1
counties,1
counters,1
sidesn360,1
iiii,1
cos2left,1
cortisol,1
cortexnn,1
ieee,1
cornern3,1
cornered,1
cornbury,1
idly,1
copiednn,1
coolants,1
demonstrationsn,1
signaling,1
converge,1
controls,1
controln,1
singleday,1
contract,1
contours,1
sitenntry,1
skinnnfor,1
contests,1
contents,1
contempt,1
slutskaya,1
smackdown,1
destabilization,1
consumed,1
consular,1
smokefree,1
i485,1
snowstorm,1
conserve,1
404,1
softening,1
confused,1
softwares,1
confirms,1
condemns,1
soldering,1
concerts,1
songnnthe,1
sorcerers,1
conceive,1
southeast,1
hyde,1
composer,1
specially,1
specialty,1
competed,1
specifies,1
specifynn,1
commonnn,1
spendingn,1
spiritnni,1
392,1
comedies,1
splatters,1
comalike,1
columnn6,1
directlynnheres,1
splitting,1
colorful,1
colonial,1
sponsored,1
hurl,1
collards,1
collapse,1
collages,1
hulu,1
cocktail,1
coalesce,1
sportsman,1
sprawling,1
sprinting,1
clinical,1
dissatisfaction,1
squeezing,1
clientnn,1
stabilize,1
365,1
cleanser,1
stagesnn1,1
diversification,1
classify,1
classics,1
stainless,1
civilian,1
364,1
chunking,1
startednn,1
hplc,1
startingn,1
chickens,1
cherokee,1
statehood,1
cheering,1
cheerful,1
earsnntreatment,1
statistic,1
cheating,1
chatting,1
chastity,1
electrochemical,1
employmentbased,1
steelersn,1
channeln,1
stillness,1
hook,1
chancenn,1
champion,1
chambers,1
strenuous,1
stretches,1
ceramics,1
stripping,1
strongest,1
cavities,1
submerged,1
causesnn,1
hone,1
subscript,1
entrepreneurial,1
sunnnthis,1
catalogs,1
equipmentnnmany,1
361,1
supportn3,1
carriers,1
carolina,1
everythingnndid,1
expensesnnthink,1
surgeries,1
surprised,1
campuses,1
campaign,1
hire,1
caligari,1
calendar,1
surveying,1
surviving,1
cachingn,1
bypasses,1
hint,1
himn,1
sweetness,1
bullying,1
bullosis,1
bulletin,1
sweettart,1
builders,1
switching,1
hiit,1
brushing,1
symbolism,1
symbolize,1
browsern,1
broccoli,1
broadest,1
brisbane,1
symmetric,1
brighter,1
bridging,1
breakups,1
synopsisn,1
brandnew,1
branches,1
experiencebased,1
synthesis,1
boundary,1
bottlenn,1
bostonnn,1
borrowed,1
bootable,1
teachingn,1
boosters,1
bookings,1
bonhomme,1
boastful,1
bluehost,1
blognews,1
blogging,1
teamnnthe,1
hide,1
bloating,1
blizzard,1
techsavvy,1
hero,1
bitrates,1
bisexual,1
suggestsnnultimately,1
telemetry,1
hems,1
experiencennyou,1
extracurricular,1
beverlys,1
betternn,1
telephone,1
berkeley,1
bergdorf,1
bennifer,1
tenacious,1
formatnnhowever,1
terrorism,1
terrorist,1
foundationnnfor,1
testblind,1
testnnthe,1
functionalities,1
testtaker,1
therapien,1
barcodes,1
thingsnn1,1
threeline,1
bacteria,1
backward,1
gastroenteritis,1
bachelor,1
threesome,1
aviation,1
averages,1
avengers,1
automate,1
auditory,1
auditors,1
timebound,1
audacity,1
testimoniesnnultimately,1
guidancennthere,1
timelines,1
habitsnnutilize,1
timennfor,1
attacknn,1
attacker,1
hang,1
timennshe,1
tinypicn3,1
ataatapi,1
assuming,1
assigned,1
assesses,1
aspiring,1
asbestos,1
artistsn,1
artistry,1
tirennthe,1
highperformance,1
titelsong,1
togethern,1
arrogant,1
halo,1
arrested,1
arranged,1
tombstone,1
arguably,1
toolbarn3,1
hall,1
archival,1
hospitalization,1
toothache,1
topofmind,1
toughness,1
tracknnto,1
transfers,1
appendix,1
triggered,1
apparent,1
apostles,1
apostasy,1
aphelion,1
anywhere,1
trillions,1
anxietyn,1
antigens,1
turnovers,1
antiarab,1
anterior,1
answernn,1
hajj,1
announce,1
tuscarora,1
angelina,1
anchored,1
analyzed,1
analytes,1
illnessnnchoose,1
typingcom,1
analyses,1
unchecked,1
uncreased,1
ambiance,1
undergoes,1
underwear,1
altering,1
h5n1,1
underwent,1
undressed,1
alliance,1
337,1
alerting,1
alcohols,1
airtight,1
airports,1
airflown,1
aircraft,1
unethical,1
unfounded,1
advocate,1
uninstall,1
advisors,1
universes,1
adoption,1
admirers,1
adhering,1
unusually,1
gulf,1
additive,1
gsas,1
immigratennyour,1
upholding,1
uplifting,1
activist,1
activism,1
urlnnthis,1
actionsn,1
acronyms,1
grip,1
urologist,1
usednnthe,1
usennmany,1
usennsome,1
accessnn,1
gras,1
usnnwhile,1
vacancies,1
academia,1
valuation,1
graf,1
vancouver,1
vanishing,1
absentnn,1
absences,1
abroadnn,1
abrasive,1
abebooks,1
911nnits,1
incompatibility,1
6yearold,1
3bedroom,1
27nnthis,1
20nnthus,1
20042010,1
19972000,1
1960snn1,1
18841962,1
18461848,1
ineffectiveness,1
00000073,1
zoology,1
zoegirl,1
variation,1
younnas,1
varieties,1
yielded,1
gone,1
golf,1
yearnn1,1
yasmine,1
xfinity,1
varietynn,1
wrongly,1
wronged,1
vasovagal,1
vegetable,1
wrapped,1
infinitesimally,1
wouldnt,1
informationnnit,1
worries,1
velasquez,1
wornout,1
worldnn,1
workout,1
vibrating,1
workers,1
wordsnn,1
wonders,1
victories,1
viewportn,1
witches,1
wishing,1
vigilance,1
violating,1
virginity,1
infrastructuren,1
w3schools,1
wilhelm,1
widened,1
inspiringnndont,1
websiten4,1
gmol,1
welfare,1
welding,1
welders,1
glow,1
weeping,1
weekend,1
webster,1
windowsnn,1
wisconsin,1
webmail,1
workstudy,1
worsening,1
weaning,1
waysnn1,1
waynnas,1
internationally,1
wattpad,1
interventionist,1
watched,1
wasting,1
wartime,1
warning,1
315,1
wanting,1
issuennconsider,1
worstcase,1
voyages,1
wwwedxorg,1
voltage,1
voicesn,1
xmennnhes,1
visuals,1
visited,1
zeitgeist,1
000webhost,1
10nndivide,1
itselfnnfinally,1
violate,1
vintage,1
10yearolds,1
302,1
gaze,1
victory,1
uncomfortablennfocus,1
vicodin,1
vibrate,1
1nnbecause,1
2ne,1
itselfnnwithout,1
5nnfirstly,1
gait,1
ventsn4,1
venting,1
vending,1
76yearolds,1
kgnacceleration,1
aboutnnaim,1
aboutnnthe,1
accelerate,1
vampire,1
valuing,1
valleys,1
vocabularynnexamples,1
uvifera,1
acceptable,1
youtubennhtmlniframe,1
uterusn,1
uterine,1
usurynn,1
accountnn1,1
usingnn,1
ushern4,1
ushaped,1
kidsnnhopefully,1
kilometernnthis,1
knowledgennlook,1
upright,1
landlordfocused,1
fred,1
accountsn3,1
accountsn4,1
accurately,1
acnennstis,1
lickernntootsie,1
activation,1
unfolds,1
unequal,1
adaptation,1
foul,1
ugandan,1
tyrrell,1
addressnn1,1
twitter,1
turtles,1
fort,1
forn,1
turkeys,1
tuition,1
tuesday,1
trustee,1
advocating,1
trumpet,1
truckee,1
lightyearsnnthe,1
foot,1
affiliated,1
fool,1
marginalization,1
aggravated,1
trapped,1
alcoholism,1
alienating,1
282,1
tracker,1
allocation,1
tracing,1
toweln2,1
allterrain,1
touchnn,1
fold,1
262,1
topdown,1
tootsie,1
toolbar,1
tonight,1
toiletn,1
ambassador,1
tightly,1
ambiguousn,1
thrower,1
throatn,1
thrives,1
amendments,1
flyn,1
ammunition,1
thisnn1,1
thinned,1
thinkin,1
analytical,1
theren2,1
annexation,1
theoryn,1
antarctica,1
themesn,1
methamphetamine,1
thawing,1
mexicanamerican,1
textile,1
texcoco,1
antichrist,1
testify,1
termsnn,1
teresas,1
applicable,1
tensing,1
mostnncurrently,1
tempsn3,1
tempore,1
templar,1
archetypes,1
teenage,1
tearing,1
msnacceleration,1
flac,1
archimedes,1
tasting,1
tariffs,1
archiveorg,1
targetn,1
tantrum,1
tangent,1
areannwhen,1
nearsightedness,1
articulate,1
tackier,1
artificial,1
systemn,1
63,1
aspiration,1
swollen,1
swimmer,1
sweetie,1
sweeter,1
swedish,1
swahili,1
suspect,1
survive,1
surveys,1
assembling,1
assumption,1
attachment,1
attainable,1
sunrise,1
sunburn,1
summers,1
negotiationnnas,1
attainment,1
neighborhoodnna,1
attracting,1
succeed,1
subzero,1
suburbs,1
submits,1
sublime,1
attributes,1
automotive,1
stuffer,1
studynn,1
availablen,1
avantgarde,1
strokes,1
stroken,1
bacteriann,1
bandzoogle,1
bargaining,1
neuroplasticity,1
streams,1
streaks,1
strains,1
storing,1
basennwhen,1
becomesnnd,1
beginnings,1
stomach,1
stimuli,1
stewart,1
stepsnn,1
stepped,1
stephen,1
fine,1
stellar,1
steeper,1
betelgeuze,1
statues,1
bitratesnn,1
stating,1
nnacetaminophen,1
startle,1
bookstores,1
stablen,1
nnalternatively,1
sprouts,1
springs,1
spreads,1
accountingnnregarding,1
braceletsn,1
brainstorm,1
spinach,1
spiders,1
speechn,1
specify,1
brandished,1
brightness,1
britannica,1
sparrow,1
sparked,1
spanned,1
spanish,1
bronchitis,1
sourced,1
budweisers,1
calculates,1
calculator,1
somalia,1
solving,1
caliphates,1
solutes,1
calmatters,1
soiling,1
sockets,1
calvinists,1
cameralike,1
soaring,1
snuffer,1
snippet,1
camouflage,1
smiling,1
capability,1
sluzhba,1
slowing,1
slowest,1
sliding,1
sliders,1
sledges,1
slangnn,1
skipped,1
skillsn,1
capacities,1
captivated,1
skaters,1
nncsharpnpublic,1
sitemap,1
cardholder,1
fiji,1
cardinalsn,1
sinatra,1
simpson,1
objectification,1
caregiving,1
fell,1
observationnnif,1
signing,1
categorize,1
cautiously,1
signaln,1
sidesn0,1
sibling,1
shrines,1
centernnso,1
ceremonies,1
shopify,1
shocker,1
shirley,1
ophthalmologist,1
opportunitiesnn,1
shields,1
shawnee,1
challengen,1
shatter,1
feed,1
sharpay,1
championed,1
channeling,1
shannon,1
shahada,1
charlottes,1
cherishing,1
249,1
settled,1
childbirth,1
session,1
choicennit,1
christians,1
citycounty,1
clarifying,1
serapis,1
parasympathetic,1
classevent,1
classified,1
fdrs,1
senates,1
passwordnnyahoo,1
seminal,1
selvesn,1
classmates,1
cluttering,1
selleck,1
coinvented,1
colleagues,1
secular,1
fate,1
collecting,1
secrets,1
collective,1
passwordsnneach,1
comforting,1
compensate,1
complaints,1
compoundsn,1
fasd,1
schemes,1
personalization,1
compresses,1
satiety,1
sanrios,1
possiblennsince,1
salvage,1
sailors,1
sailing,1
concernsnn,1
postcompetitive,1
russias,1
conclusive,1
configured,1
potatoescarrots,1
confirming,1
runners,1
rulesn4,1
230,1
rowling,1
connectedn,1
225,1
connective,1
rooting,1
fade,1
rolling,1
rolesn6,1
roasted,1
practicennthese,1
preimplantation,1
rivalry,1
conserving,1
richest,1
richard,1
rewards,1
revoked,1
revisit,1
consulates,1
reviewn,1
continuing,1
contracted,1
revenge,1
reveals,1
reunite,1
reunion,1
contrasted,1
retrain,1
retract,1
presbyterianism,1
retains,1
convoluted,1
coordinate,1
cornstarch,1
correspond,1
corrugated,1
corrupting,1
counselors,1
eyed,1
courageous,1
courthouse,1
reptile,1
covalently,1
replied,1
ctrldelete,1
culturally,1
renting,1
currentsnn,1
renewal,1
renders,1
removes,1
remover,1
removed,1
customized,1
remorse,1
cybercrime,1
prioritiesnnfor,1
evil,1
datadriven,1
debtnnmany,1
pronouncednnits,1
debtnnsome,1
rejects,1
decisionsn,1
regrets,1
degreesnna,1
regionn,1
regimen,1
regents,1
regedit,1
refusal,1
refugee,1
refresh,1
reframe,1
delivering,1
demonnnthe,1
refines,1
dependency,1
depositing,1
descending,1
redneck,1
psychologically,1
recover,1
detectable,1
diabetesnn,1
diagnostic,1
rebirth,1
diaphragmn,1
realize,1
diecutting,1
dielectric,1
diligently,1
62,1
reaches,1
reached,1
raunchy,1
ratings,1
dimensions,1
eras,1
diminished,1
rampant,1
regulationnnits,1
ramadan,1
raising,1
rainbow,1
railgun,1
radiate,1
dimmesdale,1
queries,1
diplomatic,1
directness,1
qualify,1
puzzles,1
putting,1
envy,1
discectomy,1
endn,1
discovered,1
puritan,1
puppets,1
pumping,1
pullout,1
emit,1
puffing,1
disorderly,1
displacing,1
resultsoriented,1
disrespect,1
proudly,1
protons,1
disruptive,1
disturbing,1
downloadsn,1
drinksnnif,1
driversnna,1
dropdownn4,1
promise,1
drugstores,1
e2kpinnthe,1
ecological,1
economical,1
educationn,1
effectiven,1
prodk1n,1
efficientn,1
proceed,1
effortless,1
elaboraten,1
elasticity,1
electronic,1
215,1
primen4,1
primen2,1
eliminated,1
revolutionizing,1
eliminates,1
acquaintancennfinally,1
emailother,1
presley,1
embodiment,1
selfimprovement,1
emigration,1
empathetic,1
selfreplicating,1
prefers,1
emphasized,1
endangered,1
prayers,1
englishmen,1
enrollment,1
servicesnndoing,1
potters,1
equationn2,1
postoil,1
eats,1
equipmentn,1
escalating,1
escalation,1
essentials,1
estimating,1
popimap,1
servicesnnwhile,1
evaporates,1
sizennpremature,1
plumber,1
solutionsnnthis,1
playoff,1
everywhere,1
exceptions,1
exercising,1
exhibition,1
exorbitant,1
speakerboxxxthe,1
acquisitionnnexamples,1
placing,1
pixabay,1
expatriate,1
expectancy,1
pioneer,1
pimples,1
pillars,1
expertisen,1
exploiting,1
antidisestablishmentarianism,1
photosn,1
phoenix,1
phasen2,1
pettyn7,1
experimentationnncreationism,1
persona,1
expression,1
persian,1
perpage,1
permits,1
permile,1
expressnn1,1
externally,1
extinguish,1
fabricated,1
fahrenheit,1
5k,1
dull,1
pension,1
penises,1
penguin,1
penalty,1
allowfullscreeniframennn,1
pedalnn,1
paytons,1
fandomnnto,1
federation,1
patrons,1
specializations,1
patreon,1
fertilizes,1
pathway,1
structurenndont,1
patches,1
patched,1
pastors,1
pastels,1
drew,1
filmmaking,1
finetuning,1
passesn,1
subsubscriptsub,1
flairnnthe,1
flashlight,1
parlors,1
parking,1
flourished,1
pardons,1
flowersnhe,1
pajamas,1
fluctuated,1
pagesn2,1
pageant,1
186,1
pacific,1
overuse,1
overtly,1
overlay,1
fluctuates,1
ovarian,1
outward,1
followings,1
outputs,1
outnnto,1
forgetting,1
formalized,1
outlets,1
outings,1
outingn,1
formulannt,1
forwarders,1
dots,1
osmotic,1
osmosis,1
fourteenth,1
orioles,1
frac199569,1
fractional,1
fracturing,1
dose,1
oranges,1
fragmented,1
frameworks,1
optical,1
freemasons,1
freshwater,1
onwards,1
ontario,1
fruitsugar,1
onfield,1
onetime,1
onesnna,1
oneself,1
functional,1
oldtime,1
okcupid,1
oilfree,1
funimation,1
dorm,1
garagerock,1
offersn,1
offernn,1
gatherings,1
generating,1
symmetricnnthis,1
donn,1
generation,1
generosity,1
gentleness,1
objectn,1
technologically,1
technologynnthe,1
thediecastdbcom,1
gettysburg,1
numbern,1
nucleic,1
dism,1
thoughtlessness,1
appearancennisometric,1
glitchesn2,1
glitchesn5,1
graduating,1
gripwallet,1
notable,1
nonzero,1
nnyahoo,1
gymnastics,1
nnumber,1
hallhroult,1
nnthere,1
nnprior,1
nnpiggy,1
nnlimit,1
harassment,1
nngiven,1
nncheck,1
nnagain,1
54,1
newborn,1
newbies,1
neutron,1
harmonious,1
neurons,1
hawthornes,1
netlify,1
netflix,1
dirt,1
heartbreak,1
needsnn,1
needles,1
timennmodernity,1
assistantshipsnnstart,1
heisenberg,1
helicopter,1
hemisphere,1
deny,1
hesitation,1
musicnn,1
musicn5,1
demi,1
museums,1
muscovy,1
highcarbon,1
dema,1
highflying,1
highstakes,1
morally,1
highvolume,1
montezn,1
historians,1
dell,1
homecooked,1
momentn,1
modules,1
mixture,1
homeowners,1
mistake,1
mission,1
hospitable,1
missile,1
mirrors,1
humanities,1
hyaluronic,1
transformations,1
mineral,1
deed,1
hydrolysis,1
hydrolyzed,1
ideologies,1
mildred,1
midlife,1
midland,1
mid17th,1
illusionnn,1
mexicon,1
imaginable,1
messiah,1
immigrated,1
implanting,1
implements,1
deck,1
melissa,1
meetups,1
implicated,1
impressive,1
impurities,1
meansnn,1
inaccurate,1
incentives,1
matthew,1
incestuous,1
matings,1
matchup,1
trustworthiness,1
includednn,1
incomennto,1
masonry,1
marvels,1
indication,1
markups,1
marilyn,1
unaffordability,1
dead,1
inevitably,1
dbsa,1
infrequent,1
ingredient,1
unconsciousness,1
initiating,1
makrooh,1
mailbox,1
mahomes,1
underestimating,1
initiation,1
maccabi,1
luxuryn,1
initiative,1
lowered,1
universitylevel,1
lottery,1
lossesn,1
lorentz,1
lookups,1
injections,1
injustices,1
insecurity,1
inspection,1
logging,1
installing,1
unlikelynnwhile,1
dari,1
installsn3,1
listing,1
listens,1
liquors,1
liquids,1
instructed,1
linings,1
liningn,1
danb,1
insulating,1
integrates,1
announcementsnntypically,1
licking,1
intercepts,1
interfaces,1
interferes,1
internetn3,1
internship,1
unsubstantiated,1
lesbian,1
lengthy,1
cuss,1
leibniz,1
wellintentioned,1
curb,1
leather,1
135,1
cues,1
intersects,1
intervened,1
layouts,1
layered,1
intriguing,1
lawless,1
launder,1
invaluable,1
irrational,1
jeopardize,1
ctas,1
lanzone,1
134,1
cpus,1
wwww3schoolscom,1
kupffer,1
korrect,1
younncontinuing,1
corn,1
kittens,1
kingpin,1
journaling,1
kinetic,1
kindled,1
kilmers,1
analyticsnnthink,1
kicking,1
judgmental,1
kitsonlike,1
cord,1
kabbage,1
kjmolnnthe,1
jurorsn,1
antivirusmalware,1
knockknock,1
journal,1
jolliet,1
jokesnn,1
knocknwhos,1
johnson,1
jocular,1
jmolnn6,1
landscapes,1
jeweler,1
jellies,1
jeffrey,1
jargonn,1
largescale,1
janeiro,1
jamendo,1
jackson,1
jackets,1
itselfn,1
itnnyou,1
itching,1
issuing,1
appreciatednnthe,1
issuen4,1
issuen3,1
israeli,1
cook,1
cons,1
lawnnislam,1
iphones,1
lawsnnmany,1
learningnn,1
broccolibrussels,1
legalizing,1
leveraging,1
liberating,1
inspire,1
inspect,1
librariesn,1
inquiry,1
lifesaving,1
innntry,1
lifestyles,1
ingrown,1
infosys,1
informs,1
inflate,1
infants,1
inertia,1
indoors,1
lightcolor,1
indexes,1
likelihood,1
incomes,1
likeminded,1
inboxes,1
livingnnmy,1
locationn3,1
browserincognito,1
imposed,1
locationnn,1
impairs,1
logistical,1
lowerlevel,1
imgburn,1
luminosity,1
machinlike,1
malevolent,1
coke,1
marginally,1
illicit,1
masteredn2,1
ignores,1
cautiousnnbefore,1
ideasnn,1
celebrityfavored,1
icemann,1
hyunsoo,1
matchlocks,1
hydrate,1
mechanisms,1
hurting,1
membership,1
memorizing,1
coat,1
messagesn3,1
cmos,1
hugging,1
contentnnhowever,1
metastasis,1
metastatic,1
hotspot,1
methodsnn1,1
hostess,1
hortons,1
meticulous,1
horizon,1
metropolis,1
middaynnin,1
holders,1
midlinenn2,1
clog,1
minimizing,1
highway,1
minorities,1
misspelled,1
hickory,1
mistreated,1
hermann,1
hepatic,1
hendrix,1
modalities,1
moderately,1
helmets,1
moderating,1
heavier,1
moderation,1
monumental,1
mosquitoes,1
motherhood,1
hazaras,1
havenei,1
hatched,1
harvard,1
harmony,1
motivating,1
mouthguard,1
clay,1
mozambique,1
hanging,1
handson,1
handlen,1
muchneeded,1
hammond,1
controlnnhowever,1
hackney,1
hacking,1
hackers,1
guiding,1
multiplied,1
groupsn,1
groupn3,1
cite,1
grinder,1
grilled,1
multistage,1
namennthey,1
greasen,1
namennyour,1
grapple,1
navigation,1
choh,1
grandpa,1
grammys,1
chip,1
necromancy,1
grading,1
negatively,1
googles,1
goodman,1
goodbar,1
chic,1
glucose,1
christmaskwanzaahanukkah,1
glances,1
giantsn,1
giannis,1
ghrelin,1
netmeeting,1
getaway,1
neuropathy,1
germany,1
geralds,1
nickelback,1
gentler,1
genresn,1
nightmares,1
chad,1
cent,1
nnionizing,1
gendern,1
geforce,1
gathers,1
counterintuitive,1
garrett,1
gametes,1
counterterrorism,1
craftsactivities,1
gaining,1
nnreleased,1
nnremember,1
fundbox,1
fullest,1
fueling,1
frisbee,1
frigate,1
nnwebsites,1
fridayn,1
freezes,1
freepik,1
nominating,1
frazier,1
frankie,1
cast,1
fragile,1
creditworthiness,1
cryptocurrencies,1
departurennyoull,1
correlationnnessentially,1
nonchalant,1
nonchicken,1
detectednnfuture,1
nonpayment,1
nonprofits,1
nonstarchy,1
formatn,1
forging,1
forfeit,1
dioxidenninstead,1
nonvisible,1
northfield,1
foodies,1
noticeably,1
folding,1
nourishing,1
folaten,1
numbernnto,1
numismatic,1
flowing,1
caps,1
objectives,1
flavors,1
flashes,1
flachau,1
cape,1
fitnnin,1
fitness,1
occupation,1
diseasennfinally,1
offeringsn,1
122,1
openaccess,1
camp,1
oppression,1
diseaseresistant,1
filming,1
filling,1
filings,1
filesnn,1
optimizers,1
fieldn6,1
fiddler,1
disproportionate,1
fervent,1
optionsnn1,1
fellann,1
organismal,1
documentarystyle,1
federer,1
organizing,1
originally,1
fearing,1
originated,1
originates,1
fathers,1
fatally,1
fasting,1
buzz,1
buys,1
orthopedic,1
fanmade,1
busy,1
othersnnin,1
fallout,1
outlooknn1,1
outnnwhile,1
easilynnconsider,1
easytounderstand,1
bump,1
outperform,1
outrageous,1
overactive,1
overlooked,1
overturned,1
bulk,1
overweight,1
exports,1
panamanian,1
exploit,1
paramedics,1
buff,1
expense,1
paranormal,1
expands,1
existnn,1
paraphrase,1
4x,1
bren,1
parliament,1
efficientlynnthe,1
participle,1
empanadasnnthese,1
exactly,1
partnering,1
eventnn,1
passwordn4,1
evasion,1
eusebio,1
pathogenic,1
bout,1
110,1
essence,1
pavarottis,1
enclosureadapter,1
equifax,1
equator,1
equally,1
attentionnnultimately,1
bool,1
entitys,1
entern3,1
peppermint,1
perfection,1
perfectlyn,1
performant,1
performers,1
perihelion,1
peripheral,1
enforce,1
extensionsaddons,1
enemies,1
enclose,1
enclave,1
enacted,1
permissive,1
extracurriculars,1
persuasive,1
extraterrestrial,1
bona,1
emerged,1
emerald,1
embryos,1
pharmacist,1
embedn2,1
embassy,1
embarks,1
elusive,1
ellipse,1
bomb,1
elevate,1
comfortmichiganthemed,1
phenomenal,1
eleanor,1
elderly,1
photograph,1
photoshops,1
edwards,1
picturesnn,1
figurennglobally,1
pilgrimage,1
editedn,1
pittsburgh,1
platformnn,1
easiest,1
popsclicks,1
portraying,1
eaglesn,1
positional,1
positivesn,1
dulling,1
dropbox,1
positivity,1
postpartum,1
driven3,1
poststroke,1
draught,1
drastic,1
doxxing,1
doubtsn,1
doubled,1
boat,1
donkeys,1
dolphin,1
bmis,1
potentialn,1
10k,1
godconsciousness,1
divides,1
divided,1
potentnnas,1
105,1
dissent,1
powernnyou,1
pragmatism,1
precocious,1
disneys,1
governmentbacked,1
prediction,1
predictive,1
blog,1
pregnancyn,1
directx,1
dioxide,1
dilemma,1
dilated,1
bite,1
prejudices,1
preschools,1
diehard,1
dictate,1
governmentissued,1
dialect,1
governmentpublic,1
pressuren3,1
prevalence,1
previously,1
detract,1
detects,1
prewritten,1
destiny,1
printernn1,1
privileged,1
bing,1
problogger,1
contendernnultimately,1
desiren,1
processnn4,1
processorn,1
profession,1
descent,1
growthnnexamples,1
bile,1
profitable,1
depthnn,1
deplete,1
profoundly,1
prominence,1
bihe,1
promisesnn,1
denotes,1
denoted,1
propagates,1
prosecutor,1
delayed,1
deities,1
prosperity,1
defunct,1
provincen3,1
deficit,1
publicized,1
defects,1
publishers,1
deepest,1
deeming,1
fertilizationnnmating,1
headachesnnother,1
decimal,1
decided,1
decades,1
debtnn2,1
highernnsecondly,1
quantifies,1
impulsivitynnfor,1
quantities,1
interactionsntry,1
daynnhe,1
bees,1
dangers,1
pneumonoultramicroscopicsilicovolcanoconiosis,1
quickbooks,1
050,1
intercontinental,1
ransomware,1
cussing,1
cursing,1
reassembly,1
bean,1
reassuring,1
rebounding,1
curable,1
cunning,1
bead,1
reconciled,1
045,1
culling,1
cudmore,1
irritantsnnwhile,1
crusade,1
recreation,1
crowned,1
recruiters,1
literaturenngood,1
crossed,1
rectanglen,1
creator,1
rectifying,1
recurrence,1
crashed,1
crafted,1
cradled,1
cracked,1
cowrote,1
cowdrey,1
cowboys,1
coverup,1
bars,1
barn,1
courtsn,1
rediscover,1
redskinsnn,1
malwarenninstead,1
4k,1
referenced,1
counter,1
mathematiciansnn,1
counsel,1
refinement,1
couldnt,1
balm,1
costlyn,1
cosines,1
corrupt,1
reflective,1
refraction,1
refractive,1
cooktop,1
refreezing,1
regression,1
cooccur,1
regulating,1
regulators,1
regulatory,1
mechanismnnwhile,1
rehearsals,1
bait,1
reinforced,1
reinvested,1
relational,1
relatively,1
console,1
consist,1
relentless,1
relocation,1
confuse,1
remarkably,1
renewables,1
reorganize,1
repetitive,1
republican,1
resembling,1
residentn2,1
compute,1
compose,1
resonating,1
compile,1
compass,1
responders,1
responsesn,1
compact,1
miscommunication,1
responsive,1
missnnultimately,1
retailersn,1
comcast,1
retellings,1
modelnnreplacing,1
colored,1
colonys,1
cologne,1
retrieving,1
axis,1
colitis,1
revelation,1
clothes,1
closure,1
closing,1
closest,1
revisiting,1
roosevelts,1
axes,1
climbed,1
motherboardpower,1
rootedness,1
safeguards,1
safetynnif,1
cleared,1
cleanup,1
cleanse,1
samoannfor,1
cleaned,1
sanctioned,1
saturation,1
scattering,1
auto,1
claimed,1
scheduling,1
schematics,1
scientists,1
cinemas,1
sculptures,1
christs,1
seamlessly,1
searchable,1
secondhand,1
semifinals,1
chewing,1
cherish,1
cheneys,1
checkup,1
checkm8,1
checked,1
cheated,1
cheaper,1
chatter,1
charted,1
charles,1
separating,1
historynngeneralizing,1
charger,1
atnn,1
settingsn2,1
settingsn8,1
shattering,1
shiherlisn,1
shippingnn,1
chancen,1
chamber,1
chaired,1
cession,1
shortlived,1
ceramic,1
simplified,1
centres,1
simplifies,1
sleepiness,1
celsius,1
furniturennunfortunately,1
sleepovers,1
smartphone,1
catches,1
smothering,1
casting,1
cartoon,1
carroll,1
softwaren5,1
carried,1
carpals,1
asnn,1
carnthe,1
solidified,1
solidstate,1
songwriter,1
soundtrack,1
capitol,1
sparknotes,1
spectators,1
cannons,1
cannoli,1
asks,1
speculates,1
cancels,1
canadas,1
standalone,1
standpoint,1
caloric,1
neurotransmitter,1
calling,1
calcium,1
caesarn,1
asap,1
buyersn,1
informationnnremember,1
burundi,1
burstsn,1
burnton,1
burnout,1
stargazing,1
bureaus,1
burdens,1
burdenn,1
otherwisennoften,1
hydrocodoneacetaminophen,1
stepbystep,1
outcomesnnothers,1
buffoon,1
budding,1
bsus2ne,1
bruxism,1
brushes,1
stereotype,1
brownsn,1
brought,1
broncos,1
brokenn,1
storylines,1
strawberry,1
brittle,1
strictness,1
britain,1
bridges,1
brevity,1
breeder,1
strikingly,1
breathn,1
stronghold,1
arch,1
arab,1
brandon,1
branchs,1
bracket,1
bowyers,1
penaltiesnncheck,1
bostons,1
boredom,1
structural,1
intelligencennmembership,1
boosted,1
booking,1
bondsn2,1
bonding,1
boltonn,1
bolster,1
boating,1
boarded,1
blurred,1
internshipsentrylevel,1
submarines,1
blocked,1
performersnnthis,1
bladder,1
bizarre,1
bitrate,1
bisects,1
subsidized,1
biology,1
subsurface,1
summarized,1
superferre,1
billers,1
biggest,1
bidding,1
superlatus,1
berries,1
benthic,1
supersonic,1
beneath,1
bending,1
physicschemistry,1
supplement,1
suppliesnn,1
behaves,1
bedtime,1
bedroom,1
supporters,1
surgically,1
bearing,1
beaches,1
bauxite,1
batting,1
battery,1
batsmen,1
batmann,1
batista,1
bathtub,1
bathing,1
barware,1
surprising,1
alan,1
barcode,1
akin,1
ballads,1
baldurn,1
sustaining,1
baiting,1
badness,1
backups,1
backlog,1
backend,1
azkaban,1
awkward,1
airn,1
aint,1
avocado,1
sustenance,1
sweatshirt,1
sweeteners,1
vi,1
authorn,1
austria,1
audion4,1
symptomsnn,1
tacticsnn1,1
tangential,1
attacks,1
athlete,1
assetsn,1
techgaming,1
ashamed,1
ascents,1
teksystems,1
artisan,1
telehealth,1
arrival,1
populationsnnthe,1
telescopes,1
arising,1
arguing,1
arduous,1
temporaryn,1
arcades,1
aquatic,1
applies,1
applied,1
tenderness,1
potentialnnfocus,1
apostle,1
agen,1
anymore,1
tensioning,1
antonio,1
antique,1
antigen,1
anthems,1
theatrical,1
themnnwhat,1
aged,1
v0,1
threatened,1
timescales,1
tolerancen,1
anatomy,1
touchdownn,1
analyst,1
adhd,1
preferencesnnfor,1
touchstone,1
trampoline,1
amazonn,1
amazing,1
transcends,1
pregnancyrelated,1
transcript,1
allstar,1
transforms,1
allnnto,1
allergy,1
alimony,1
alibris,1
acre,1
transportn,1
alaskas,1
aislesn,1
airsoft,1
airplay,1
transunion,1
agennin,1
treasonous,1
triangular,1
trustbased,1
advisor,1
uv,1
problemsnnothers,1
prostatespecific,1
trustpilot,1
admired,1
adjusts,1
tumultuous,1
adhered,1
turnaround,1
turpentine,1
adapted,1
98se,1
typingclub,1
actinnn,1
9250,1
ulcerative,1
acquire,1
acidity,1
unamerican,1
acetone,1
8870,1
unburdened,1
acclaim,1
undertaken,1
unprepared,1
8808,1
unsanitary,1
8802,1
untersttzt,1
intersectionnnimagine,1
a4nnthe,1
360nadd,1
1nnlets,1
1044nn1,1
000hour,1
zonenn,1
zombie,1
zipzap,1
zillow,1
untethered,1
yucatn,1
unwrinkled,1
8090,1
xplore,1
writer,1
reasonsnnfirstly,1
worlds,1
worldn,1
worknn,1
uk,1
5000,1
45th,1
uptodaten3,1
uptodaten6,1
womans,1
wizkid,1
wizard,1
urinalysis,1
wisely,1
usernamen4,1
wiping,1
vaginismus,1
winsnn,1
420c,1
validating,1
valuablen4,1
willow,1
wildnn,1
wifenn,1
valuations,1
whynna,1
4184,1
4050,1
variations,1
3365,1
32gb,1
vegetative,1
wealth,1
weaker,1
waysnn,1
watery,1
waters,1
investorsnnultimately,1
wastes,1
wasten,1
vernacular,1
warmer,1
wantnn,1
wantn3,1
wanted,1
vietnamese,1
wallet,1
walkin,1
3075,1
vigorously,1
2pib,1
registrysettings,1
visualized,1
voices,1
voicen,1
vocals,1
vitaln,1
volumennso,1
2535,1
volunteers,1
viewer,1
waterspout,1
waynnother,1
victim,1
21st,1
vessel,1
tn,1
websitesnn,1
wellbeingn,1
vercel,1
verbal,1
wellformed,1
venous,1
venice,1
2024,1
vastly,1
wellrested,1
werewolves,1
vaporn,1
vanity,1
wirelessly,1
workplaces,1
valley,1
validn,1
workschool,1
uterus,1
usualn,1
usersn,1
usernn,1
worshipped,1
wwwdellcom,1
urging,1
releasennhowever,1
upwork,1
upvote,1
upside,1
upnnif,1
1307nnthese,1
abbreviated,1
abiogenesis,1
43,1
unwind,1
unused,1
accelerated,1
accelerates,1
2021,1
unkind,1
unjust,1
accessiblen,1
accessorynn,1
accommodate,1
2019,1
sf,1
uneven,1
accordingly,1
udptcp,1
accountants,1
twelve,1
ro,1
2013,1
rn,1
pr,1
accountnnbe,1
tsetse,1
trynn1,1
accusations,1
2010,1
tropes,1
tripps,1
acquisition,1
tricks,1
removalnnwhiskey,1
activitiesn,1
researchoriented,1
adventurous,1
treaty,1
affiliation,1
affirmative,1
2004,1
trains,1
agriculture,1
predictablennconsider,1
trades,1
traded,1
procedurennultimately,1
2001,1
towels,1
responsivenessnn,1
alcoholdrug,1
alleviating,1
tongue,1
tomato,1
toggle,1
todays,1
titles,1
titlen,1
19th,1
tissue,1
allocations,1
timenn,1
timen5,1
tiktok,1
tiered,1
ticket,1
thrust,1
throws,1
thrown,1
anesthetics,1
risksnncrucially,1
thrill,1
42,1
thread,1
angioplasty,1
thomas,1
thirty,1
thinly,1
thinks,1
anniversary,1
thighs,1
antimalware,1
apartnnthis,1
theyll,1
thesis,1
appearances,1
theren,1
appreciated,1
themnn,1
themn3,1
appreciates,1
themed,1
thanks,1
textn5,1
secretsnnobserve,1
1993,1
approachnn1,1
arcadesgame,1
archivennif,1
selfdoubtnntheir,1
teethn,1
technn,1
teamn2,1
taxisn,1
taxing,1
taught,1
argumentsnn,1
tastes,1
tasked,1
41,1
arrangement,1
tapped,1
1988,1
tamera,1
talkn3,1
talked,1
aspirations,1
assimilated,1
taiwan,1
os,1
tactic,1
1982,1
associating,1
syntax,1
assortmentn,1
astonishing,1
swings,1
sweety,1
sweaty,1
swayze,1
swayed,1
astronomers,1
supper,1
sunset,1
attacksnnif,1
attentively,1
sultry,1
sulfur,1
sulcin,1
1978,1
professordepartmental,1
attractiven,1
subway,1
attributing,1
attribution,1
awkwardness,1
subbed,1
styles,1
1971,1
1970,1
1968,1
struck,1
axonometric,1
bankscredit,1
basementnn1,1
strike,1
stride,1
selfpreservation,1
battlefield,1
servicesproducts,1
beautifully,1
strand,1
1965,1
bereavement,1
1964,1
1960,1
stonen,1
bestselling,1
stocks,1
1959,1
biographies,1
stigma,1
stickn,1
stevie,1
steffi,1
bloodstream,1
blueberries,1
bluesnnwhen,1
boundariesn,1
browsernnso,1
bruschettan,1
brushstroke,1
businessesn,1
startn,1
staple,1
calculating,1
californias,1
testsnncurrently,1
cancernnhpv,1
1954,1
stacie,1
capacitance,1
ssltls,1
carcinogens,1
carefullynn,1
spring,1
casennother,1
1950,1
sprayn,1
spouse,1
categorized,1
sportn,1
categorizes,1
splits,1
catholicism,1
spiral,1
1948,1
spills,1
spider,1
spiced,1
sphere,1
1947,1
celebrities,1
spasms,1
spasmn,1
sparks,1
spacen,1
spaced,1
1941,1
certaintyn3,1
charactersn,1
sought,1
charismatic,1
soothe,1
solves,1
solute,1
solids,1
chocolatenn,1
solace,1
softly,1
1935,1
choicesnnto,1
chromosomes,1
chronotypes,1
cinnamoroll,1
snakes,1
1909,1
clarksonn10,1
smoken,1
18th,1
smilen,1
cleanliness,1
cliffhanger,1
cloudnative,1
slides,1
1896,1
clubloyalty,1
sleepn,1
codennheres,1
sketch,1
skates,1
skater,1
1861,1
sizesn,1
sittin,1
sister,1
coefficient,1
collectible,1
collectives,1
comfortably,1
silver,1
1857,1
signin,1
commemorate,1
sierra,1
1846,1
showed,1
shores,1
shopnn,1
shootn,1
shines,1
commercials,1
shells,1
1845,1
1840,1
sharon,1
commitments,1
comparative,1
comparisons,1
shapes,1
shapen,1
compensates,1
shakes,1
shadow,1
1832,1
shaara,1
complements,1
sewing,1
sewage,1
severs,1
compliancen,1
settle,1
complicated,1
componentsn,1
compression,1
compromised,1
serial,1
sepsis,1
computernn1,1
senses,1
1820,1
sender,1
concessions,1
seller,1
conclusions,1
conditionsn,1
confederate,1
conferences,1
confessions,1
configuring,1
seated,1
conflicting,1
confronting,1
1818,1
sdhpdh,1
scrums,1
script,1
oh,1
conjunction,1
connectionn,1
scored,1
consecutive,1
scheme,1
scenic,1
scared,1
considerate,1
scann2,1
considernn1,1
savory,1
consolidate,1
constitutes,1
consultancy,1
salmon,1
saliva,1
consultants,1
contestants,1
safest,1
contextnnif,1
contracting,1
1809,1
contradicts,1
contrasting,1
1803,1
wwwcanadacaenimmigrationrefugeescitizenshiphtml,1
rovers,1
controllers,1
1789,1
rotary,1
1711,1
controlling,1
170n,1
ns,1
rolled,1
1685,1
rodent,1
rocket,1
conversions,1
roblox,1
1682,1
rising,1
themesnnmarriage,1
ripoff,1
rinses,1
convictions,1
1598,1
correctlyn4,1
richly,1
corresponds,1
riches,1
costbenefit,1
counteracts,1
revolt,1
countymetro,1
courseraedx,1
crashcourse,1
retell,1
1583,1
creditnnthe,1
crucifixion,1
crunchyroll,1
resort,1
reside,1
rescue,1
crystalline,1
1572,1
cyberattack,1
repaid,1
1521,1
render,1
damagennfor,1
dangerously,1
remind,1
datannwhile,1
relist,1
decisivelyn,1
degreesnnwe,1
1502,1
deprivation,1
regime,1
regard,1
descendants,1
14th,1
refuge,1
reflux,1
thermoregulation,1
designation,1
devastating,1
reddit,1
rectum,1
rectal,1
devicennthe,1
recipe,1
difficultyn,1
dinnernnthe,1
rebury,1
reboot,1
directionnn,1
directorate,1
directorsnn,1
rbslow,1
13nn,1
disassembly,1
discernment,1
ratesn,1
rashes,1
1300,1
disclaimers,1
1291,1
dislocation,1
1215,1
racism,1
disparities,1
11th,1
rachel,1
10th,1
quotes,1
quirky,1
quirks,1
quinoa,1
quincy,1
queues,1
python,1
disregarded,1
pushed,1
disrespects,1
purses,1
purple,1
dissipation,1
purdue,1
pulses,1
10nn,1
pubmed,1
dissolution,1
ptraps,1
prynne,1
distancesnn,1
proved,1
distinguish,1
1099,1
promos,1
distracting,1
prized,1
prison,1
sequentiallynnhowever,1
distributes,1
distributor,1
disturbance,1
pretty,1
prefix,1
dividendsnn,1
nihgovhealthinformationmentalhealthbipolardisordern,1
documentary,1
praise,1
simultaneouslynnthese,1
powder,1
doublecheck,1
doubleclick,1
downplaying,1
threedimensional,1
transcriptionist,1
poorer,1
pollen,1
downtoearth,1
polish,1
drastically,1
dresselhaus,1
drycleaning,1
pointn,1
poetic,1
duplication,1
plessy,1
easiernnits,1
eidgenossen,1
playin,1
electrician,1
elimination,1
zac,1
ynn,1
emergencies,1
intensificationweakening,1
planes,1
empirically,1
empowerment,1
pilots,1
pilesn,1
troubleshootingn,1
endangering,1
picnic,1
endorsement,1
enhancement,1
enlargement,1
philip,1
phases,1
phased,1
peyton,1
pexels,1
equationnnd,1
perryn,1
unconstitutional,1
eschatology,1
evaluations,1
evaporating,1
peersn,1
peasn9,1
peanut,1
yad,1
payoff,1
evaporation,1
payday,1
paving,1
pastor,1
evergrowing,1
xnn,1
evernnwhile,1
parole,1
pariss,1
parent,1
exacerbates,1
exaggerated,1
painnn,1
pagen2,1
xml,1
xli,1
excelgoogle,1
excessively,1
owning,1
exclusively,1
overly,1
exclusivity,1
xiv,1
outage,1
exfoliating,1
exhibitions,1
othern,1
orrico,1
orphan,1
orions,1
oriole,1
existnneven,1
xcs,1
x86,1
oregon,1
expectation,1
wwf,1
expenditure,1
exponential,1
optout,1
expressions,1
opioid,1
extrapolate,1
nc,1
onsite,1
facilitated,1
onesn2,1
oneoff,1
ondeck,1
omega3,1
oldest,1
facilitates,1
facilitiesn,1
odorn2,1
odessa,1
falsifiable,1
occupy,1
familybased,1
fascination,1
39,1
fatherinlaw,1
nuclei,1
wps,1
nsince,1
nozzle,1
wow,1
therenlettucenlettuce,1
featureless,1
feennonline,1
fellowships,1
nobles,1
nnyour,1
nnwith,1
fieldnnwhat,1
filamentsnn,1
filibusters,1
nnonce,1
nnnthe,1
filmography,1
nnlook,1
nngood,1
nn170n,1
nikola,1
nights,1
nightn,1
userfriendliness,1
nickel,1
niches,1
nextn5,1
nextn4,1
newton,1
nerves,1
nerven,1
nellys,1
needsn,1
needle,1
fluctuation,1
nearly,1
followingnn,1
foodsdrinks,1
foolishness,1
foolproofnn,1
nascar,1
forgiveness,1
valuesnnjennifer,1
napier,1
nantes,1
fouryearold,1
myopia,1
frameborder,1
mutate,1
mutant,1
freelancing,1
36,1
freemasonry,1
murder,1
fuelpowered,1
functioning,1
mounts,1
gandolfinis,1
goalsetting,1
mostly,1
weightnnsecondly,1
morale,1
moores,1
moodnn,1
goodsnnyour,1
governancen,1
monkey,1
wba,1
wildnnlegitimate,1
grainsnnfor,1
grapefruits,1
molnn5,1
module,1
grasshopper,1
gravitation,1
groupsnnfor,1
misuse,1
missys,1
handcrafted,1
misled,1
traditionsnnestimates,1
minted,1
minors,1
minify,1
wav,1
handwashing,1
miguel,1
middle,1
mid30s,1
worldwidennwhile,1
mexico,1
vpn,1
von,1
headphonesn,1
healthnnthe,1
messes,1
messed,1
merged,1
merely,1
mentor,1
menthe,1
heartbreaks,1
heartbroken,1
helicopters,1
meetup,1
medals,1
meansn,1
mcgraw,1
helpfulness,1
hibernation,1
highbitrate,1
unpatrioticnnliberals,1
matchn,1
highernnthe,1
highestpaid,1
martin,1
markup,1
highfashion,1
hilariously,1
homepagenn1,1
margie,1
mapped,1
hospitality,1
manthe,1
hwmodelscom,1
malawi,1
hydrocodone,1
makeup,1
majors,1
maisel,1
iconography,1
madenn,1
macros,1
macoss,1
imaginative,1
lycans,1
lshape,1
impairments,1
lowern,1
loving,1
lovers,1
loudly,1
losses,1
impersonate,1
impingement,1
implantable,1
lonely,1
implication,1
logicn,1
logged,1
lodges,1
locked,1
27nnalternatively,1
loansn,1
loannn,1
loaded,1
impressions,1
lively,1
impulsivity,1
incentivize,1
incinerated,1
incremental,1
lipids,1
lionsn,1
lionel,1
indications,1
indignation,1
linear,1
limits,1
indulgences,1
ineffective,1
lights,1
lightn,1
libido,1
levers,1
inexpensive,1
levant,1
inferiority,1
lesson,1
leptin,1
lenses,1
infestation,1
lender,1
infuriating,1
ledger,1
academynnconsider,1
inhabitants,1
initialized,1
leadup,1
layout,1
layers,1
initiallynn,1
lawson,1
afterwardnnalways,1
innnhowever,1
latent,1
lasted,1
innovations,1
laptop,1
lagged,1
vc5,1
labral,1
labels,1
knthen,1
kitten,1
killer,1
kidman,1
kforce,1
kansas,1
juries,1
junior,1
van,1
joyful,1
joness,1
jewish,1
val,1
jerkyn,1
jeremy,1
jensen,1
jeddah,1
jayden,1
jargon,1
insensitive,1
j00593,1
izhaar,1
inspections,1
itnnif,1
itnnas,1
itemsn,1
italia,1
integrating,1
issued,1
uss,1
intensified,1
islams,1
irsgov,1
iphone,1
viewingnnadditionally,1
anythingnnhowever,1
intercourse,1
authenticationnn2,1
internships,1
beneficialnnlight,1
insult,1
intersected,1
insert,1
insect,1
innate,1
inmate,1
inland,1
beneficialnnwhile,1
ingots,1
ingles,1
ingame,1
indoor,1
capabilitynnultimately,1
intertwined,1
intervening,1
intraocular,1
incite,1
intravenous,1
import,1
investigate,1
jokennknock,1
justifiable,1
imagen,1
illini,1
ignore,1
ignite,1
ufo,1
keysnnthese,1
kinetically,1
icloud,1
huxley,1
legitimacyn,1
humors,1
humble,1
lettersnnto,1
humann,1
humane,1
capabilitiesnnfor,1
liabilities,1
challengesnnthese,1
hownn1,1
hovers,1
communitiesnnregarding,1
tor,1
horton,1
horses,1
likelihoods,1
hoodie,1
honorn,1
limitedtime,1
homesn,1
charitygenerosity,1
complicationsnnhowever,1
tnt,1
hinder,1
hilton,1
departmentnnattempting,1
liquidation,1
lowerimpact,1
devicesnnunfortunately,1
hexane,1
hester,1
hermon,1
lowinterest,1
helpnn,1
helped,1
lubrication,1
hebrew,1
tia,1
macrophages,1
hazara,1
choreographyheavy,1
clickingnnhowever,1
hatred,1
harrys,1
magnificent,1
mx,1
haraam,1
malfeasance,1
managements,1
maneuvering,1
guyton,1
marketplace,1
guilty,1
guilds,1
masterfully,1
guided,1
guards,1
matchmaking,1
grover,1
mcconaughey,1
meaningsnn1,1
medlineplus,1
grills,1
memberships,1
tap,1
enforcementcorrections,1
graphs,1
memorabilia,1
metabolites,1
metabolizes,1
govern,1
collectorsnnyoull,1
metersnnthe,1
methodology,1
gooden,1
mindblowing,1
goalsn,1
goalie,1
gloves,1
mischievous,1
glitch,1
glance,1
moisturizer,1
motivations,1
ginger,1
gilded,1
giants,1
ghraib,1
moussennthe,1
mythnnwhile,1
nationality,1
gerald,1
naturalnnif,1
necessaryn2,1
necessitate,1
genres,1
genius,1
needsnnmany,1
geller,1
negotiating,1
newsletters,1
gamesn,1
gamen2,1
gambit,1
gallon,1
33,1
gainsn,1
nightnngood,1
gadget,1
nneducation,1
fusion,1
fusing,1
funnel,1
sup,1
nnnmultiply,1
nnsinusoids,1
consumptionnnboth,1
fronts,1
fromnn,1
nntherefore,1
contributennthese,1
nonabrasive,1
freely,1
sub,1
ssh,1
fracpi,1
frac92,1
foursn,1
fought,1
nonexistent,1
fossil,1
noninvasive,1
nonionizing,1
nonsurgical,1
nucleotides,1
objectivesn,1
enthusiasticallynnthis,1
odorcausing,1
offeringsnn,1
operational,1
organically,1
folded,1
focusn,1
flying,1
flyers,1
floyds,1
costeffectiveness,1
floppy,1
counterproductive,1
culturalreligious,1
flaskn,1
expectationsnnremember,1
fixing,1
fiverr,1
fiscal,1
organizingn,1
firmer,1
firing,1
finite,1
orthodontic,1
dealersappraisers,1
finest,1
findnn,1
designersnnbetsey,1
sgt,1
filmsn,1
filmed,1
oscillating,1
ottawabased,1
filesn,1
filen2,1
overheating,1
fights,1
overwhelmed,1
fidget,1
papermaking,1
fiance,1
fevern,1
feudal,1
dialoguennexplore,1
paralysisnn,1
paramedicsn,1
fatsnn,1
differentnnyahoos,1
parentchild,1
participant,1
partnership,1
falter,1
passwordnn1,1
peaceloving,1
fading,1
penetrating,1
penetration,1
distressnnsuicide,1
districtnnhowever,1
employersponsored,1
eyeing,1
peoplenntry,1
engineerdeveloper,1
expose,1
percentages,1
perceptions,1
hkeycurrentusersoftwaremicrosoftwindowscurrentversionpoliciessystem,1
periodsnnto,1
engineeringnnvast,1
exhale,1
permanently,1
except,1
exceed,1
examn2,1
equivalentnnthere,1
evokes,1
permissible,1
evenly,1
saw,1
perpetuates,1
euclid,1
exaggeratednnmore,1
favoritennhowever,1
persistence,1
essays,1
photobucket,1
physicality,1
kn,1
pistonheads,1
feelingsnnnurture,1
platformsn2,1
playersnnso,1
entice,1
entern,1
playgrounds,1
pointsnnyou,1
enjoys,1
enjoyn,1
politically,1
politicians,1
portioningn,1
endure,1
firewallantivirus,1
encore,1
encode,1
possessions,1
rub,1
postupgrade,1
potentialnn,1
emerge,1
flagnnconsidering,1
embody,1
embark,1
powerhouses,1
emailn,1
elyria,1
elders,1
preexisting,1
pregnancies,1
prelawlegal,1
ron,1
preliminary,1
edison,1
edible,1
echoes,1
prescribing,1
ebooks,1
presentnnto,1
preventable,1
rod,1
prizesnnthe,1
proactively,1
dwarfs,1
roc,1
dustn2,1
drying,1
problemnnif,1
proceedings,1
procurement,1
productions,1
proficiency,1
draper,1
draped,1
dramas,1
rns,1
drafts,1
rio,1
progressive,1
donors,1
donnbe,1
doncic,1
donald,1
domain,1
projections,1
prominently,1
propagation,1
propertiesn,1
protagonist,1
rid,1
protectionn,1
protestants,1
dining,1
psychedelic,1
rgb,1
publication,1
dialup,1
devoid,1
pythagorean,1
queriesnnin,1
questioning,1
detach,1
qwertybased,1
radioactive,1
derive,1
depthn,1
deploy,1
raspberries,1
readability,1
rfk,1
30,1
kb,1
demean,1
realization,1
rearranging,1
reattaching,1
recaptchann,1
defies,1
reciprocate,1
rem,1
recordsnnif,1
recruitment,1
deemed,1
deduct,1
reducedcost,1
genericuninspired,1
rcp,1
regionnnyou,1
regularlyn2,1
deaths,1
identitiesnnthese,1
rat,1
daviss,1
reinvesting,1
datann,1
dashed,1
qts,1
k0,1
daniel,1
danger,1
dander,1
qas,1
relaxationn,1
researching,1
dajjal,1
cycles,1
q45,1
cutoff,1
resignation,1
cusack,1
curven,1
cursor,1
cuddly,1
crowns,1
crowds,1
crotch,1
resolutions,1
immunosuppression,1
manufacturernnyou,1
creeps,1
resourcesn5,1
responsibly,1
creamy,1
creams,1
crawls,1
cramps,1
crafts,1
craftn,1
cradle,1
restaurants,1
cpugpu,1
restructure,1
retaliatory,1
courtn,1
retribution,1
pus,1
reusability,1
counts,1
coughn,1
revisionist,1
costly,1
psd,1
cosmos,1
ridesharing,1
cosine,1
psa,1
coping,1
misidentification,1
0s,1
misinterpretation,1
pof,1
condom,1
comply,1
ringcentral,1
roleplaying,1
romanticize,1
comics,1
comets,1
royaltyfree,1
combon,1
runnndirect,1
2s,1
coltsn,1
scarcennthe,1
png,1
experimentingnnsuccess,1
scorennyour,1
secretaries,1
coden5,1
coden3,1
pmr,1
clouds,1
cloths,1
clones,1
sentimental,1
clocks,1
cloaca,1
pin,1
servicesmsc,1
clicks,1
settingsn10,1
clerks,1
clearn,1
clause,1
classn,1
clasps,1
settlements,1
citrus,1
citing,1
shareholder,1
pig,1
cinema,1
sidesnnsome,1
chunks,1
situational,1
situationnn,1
skinnnwhile,1
pie,1
chores,1
chords,1
choppa,1
skyscrapers,1
socializing,1
chivas,1
chipsn,1
nearinstantaneous,1
chilis,1
songwriting,1
chiefs,1
soonnnwhile,1
cheers,1
neurotransmitters,1
cheats,1
charms,1
soughtafter,1
sourceforge,1
sovereignty,1
chalet,1
chairs,1
chains,1
notnnhistorically,1
centn3,1
sparsernnto,1
census,1
pgd,1
ceases,1
specialists,1
cavity,1
speculative,1
spermicides,1
splattering,1
spontaneity,1
springsteen,1
castor,1
carved,1
carpet,1
carlos,1
squarespace,1
cardsn,1
cardio,1
stabilitynn,1
offensesnnhowever,1
canvas,1
optimizationnnyou,1
cannn1,1
pointsnnessential,1
statefunded,1
statennmany,1
statusnnfor,1
pregnancynnstrict,1
camden,1
stonemasons,1
storefronts,1
cacrep,1
cables,1
strugglingn,1
bylaws,1
buzzes,1
buzzer,1
pdf,1
submissions,1
pde,1
butter,1
busily,1
busesn,1
subscribers,1
burned,1
substancesn,1
bundle,1
bullet,1
presencennhowever,1
buffer,1
substituted,1
subtractive,1
bsus2b,1
brutal,1
presidentnnoption,1
broths,1
bronze,1
suitability,1
sunglassesn,1
superficial,1
pat,1
superscript,1
supplements,1
breast,1
suppository,1
brazil,1
pan,1
synchronous,1
infringementnnlimewire,1
bowyer,1
bounce,1
motivatingnnultimately,1
synergistic,1
bottle,1
taskrabbitn,1
borrow,1
border,1
booths,1
booter,1
boosts,1
booksn,1
bonded,1
p34,1
technicolor,1
boards,1
boardn,1
owe,1
bluish,1
misdemeanornnpunishments,1
blognn,1
techniquesn,1
blends,1
blanks,1
biting,1
biopsy,1
bionic,1
termination,1
billyj,1
bigger,1
bidder,1
biblio,1
bibles,1
uncomfortablenndepending,1
terminology,1
beyonc,1
testimonynn,1
participationnncombine,1
bendis,1
themselvesn,1
beings,1
theoretical,1
begins,1
therapeutic,1
thirddegree,1
thisnnyoure,1
beacon,1
battle,1
batman,1
basics,1
barons,1
0n,1
timelimited,1
titillating,1
titleholder,1
tolerancenn,1
axonnn,1
toothpasten,1
publicationnndont,1
avenue,1
transaction,1
autism,1
oll,1
august,1
audits,1
transcripts,1
transferred,1
attach,1
translation,1
relationshipnnphp,1
asylum,1
asus2a,1
astray,1
asthma,1
assume,1
translucent,1
assign,1
transmitted,1
travelnnthe,1
travelsized,1
unanimously,1
understated,1
ascent,1
asante,1
releasesnnanother,1
oed,1
hw,1
arrows,1
undervalued,1
arnold,1
performancenndifferent,1
arisen,1
underweight,1
arenas,1
arctic,1
unfortunate,1
appsn2,1
unhappiness,1
relieversnnlisten,1
applen,1
unjustified,1
unluckiness,1
anyway,1
unprotected,1
unqualified,1
ankles,1
unshakeable,1
unsolicited,1
angina,1
angels,1
unsupported,1
weeknnwhile,1
wellbeingn5,1
wellcurated,1
nrc,1
alsufi,1
wellrounded,1
nna,1
wellwritten,1
requestsnnhowever,1
wholesalers,1
whonlettuce,1
aliens,1
alicia,1
aldous,1
nmh,1
willingness,1
alaska,1
alacrn,1
windowslike,1
wordsnnwhen,1
agreed,1
agents,1
yahoogoogle,1
agassi,1
againn,1
yearnnsince,1
yearnnthink,1
0nntherefore,1
affair,1
nle,1
109something,1
360nsubtract,1
adobes,1
nip,1
nif,1
adhere,1
abbreviation,1
acceleration,1
accidentally,1
accomplished,1
accumulating,1
acetaldehyde,1
acknowledged,1
achesn,1
activennopen,1
selfconsciousness,1
activitiesnn,1
ngc,1
abroad,1
aboard,1
8nnthe,1
7800gt,1
49ersn,1
36nnan,1
350450,1
336541,1
300400,1
233mhz,1
2003n2,1
1nthis,1
1nnthe,1
199569,1
190nn3,1
180nn2,1
severennsometimes,1
1560nn,1
simplicitynnwhile,1
000004,1
administered,1
zakat,1
affectionate,1
affiliations,1
affirmations,1
agennhowever,1
airnnrockets,1
ynnso,1
answernnsome,1
yesno,1
yella,1
anticipating,1
yearn,1
anticipation,1
antioxidants,1
xylem,1
anxietynnocd,1
xnews,1
xhtml,1
appearancenn,1
applicationn,1
appreciation,1
wrist,1
incompatibilitynnconsider,1
woven,1
architecture,1
arrangements,1
arraynntotal,1
worry,1
artistsnnfor,1
aspirational,1
workn,1
autocomplete,1
nbc,1
backstabbing,1
bartholomews,1
strifenncornburys,1
wires,1
nap,1
wines,1
n10,1
willn,1
wikis,1
msu,1
bodybuilding,1
wider,1
widen,1
boundariesn2,1
breathalyzer,1
whonn,1
bureaucratic,1
burnsnnwhile,1
cachecookies,1
weigh,1
caloriedense,1
webmd,1
wears,1
0b,1
wayne,1
capitalangel,1
waved,1
cardiologist,1
catchphrases,1
chapaquiticn,1
chargerpower,1
mrs,1
wants,1
walls,1
preventionnnultimately,1
walkn,1
subscriptionbased,1
votes,1
voter,1
coincurrency,1
mp2,1
vlogs,1
vlacq,1
vivid,1
vitro,1
coinoperated,1
mos,1
collectionsn,1
visas,1
combinations,1
virat,1
commercially,1
vinyl,1
mom,1
commonwealth,1
comparisonsn,1
vibes,1
mol,1
mlb,1
compartments,1
supsuperscriptsup,1
vcdn5,1
traffickingnneach,1
compensatory,1
competitionn,1
truespacespecific,1
utter,1
compilations,1
completeness,1
complexnnthe,1
usenn,1
computations,1
conciliatory,1
concurrently,1
universitycollege,1
conditioners,1
unser,1
conductivity,1
unity,1
confederates,1
unite,1
conferencing,1
uncut,1
typos,1
confidencesn,1
wwwerakymeublecom,1
tutor,1
turns,1
confidential,1
trynn,1
configurable,1
confiscation,1
confucianism,1
max,1
tripp,1
wwwkhanacademyorg,1
tribe,1
trial,1
consequently,1
conservative,1
consolidated,1
trash,1
alliancesnnwhether,1
train,1
constitution,1
consumptionn,1
antiinflammatories,1
continuation,1
proceedingsnnregarding,1
tpain,1
appetiteregulating,1
continuously,1
contractions,1
controlnnget,1
conveniences,1
cooccurrence,1
coordination,1
corporations,1
tonya,1
cosmological,1
tones,1
countiesnnto,1
immigrationnninternational,1
coverednnand,1
toast,1
tnnif,1
declassified,1
tires,1
attitudennangelina,1
tioga,1
tinga,1
decompresses,1
attractionsnnthese,1
tiger,1
regulationsnncompanies,1
tides,1
tidal,1
deletionnnif,1
causesnnultimately,1
deliberation,1
depreciation,1
desirability,1
developmentn,1
lid,1
cellsnnfurthermore,1
diabeticorum,1
diameternnto,1
didnnhowever,1
thatn,1
thank,1
differential,1
complicationsnnits,1
disadvantage,1
terry,1
disciplinary,1
termn,1
connectionnnpeople,1
disconnected,1
discussionsn,1
lag,1
tears,1
dissolvingnn,1
distractions,1
divisibility,1
lad,1
downdetector,1
downwardsnso,1
taqwa,1
tanks,1
tamer,1
dslnnhowever,1
eavesdropper,1
taboo,1
disagreennconsider,1
sworn,1
swift,1
economically,1
sweep,1
sweat,1
electricians,1
electrolysis,1
electrolytic,1
encapsulated,1
sulci,1
suits,1
suite,1
encapsulates,1
sudan,1
encyclopedia,1
stunt,1
stuff,1
endorsements,1
ft,1
strip,1
entanglement,1
storm,1
entertaining,1
stops,1
stool,1
stood,1
enthusiastic,1
environmentn,1
sting,1
episcopalian,1
estheticians,1
evaporationn,1
everchanging,1
steer,1
kvp,1
fm,1
steal,1
steak,1
stats,1
everythingnn,1
exacerbating,1
examplesnnto,1
starn,1
stark,1
exasperation,1
stalk,1
stale,1
exhilarating,1
experiencesn,1
experiential,1
spurs,1
experimental,1
kgb,1
exploitation,1
split,1
distancennconsider,1
spill,1
spies,1
exploitative,1
facilitating,1
kci,1
filtersnnfor,1
spell,1
fingershaped,1
folliculitis,1
frequentlynn,1
friendliness,1
frontnnfirst,1
generationsn,1
geopolitical,1
getrichquick,1
sonnn,1
glassceramic,1
guitardriven,1
happiestnnit,1
hardwarennbe,1
solar,1
kay,1
sneak,1
emergencynnwhether,1
joe,1
healthnndiet,1
smell,1
hernnsending,1
hierarchical,1
hieroglyphic,1
sloth,1
slime,1
endeavornnconclude,1
highchromium,1
sleek,1
jla,1
jim,1
jgc,1
skunk,1
skull,1
skips,1
hollidaynnhe,1
skate,1
jeb,1
sixth,1
homesickness,1
sinus,1
sings,1
sines,1
hopelessness,1
simon,1
hydrocarbons,1
illustrating,1
jay,1
immunization,1
shuts,1
imperfection,1
implantation,1
incompatible,1
inequalities,1
infestations,1
shopn,1
infinityfree,1
f2,1
informationn,1
ivf,1
inhalennyour,1
insecurities,1
semitransparentnnwhile,1
instrumental,1
integrationn,1
factorsnngenerally,1
intercepting,1
interrupting,1
shame,1
shake,1
shade,1
sewer,1
interstitial,1
ith,1
intervention,1
islamophobia,1
segal,1
seeps,1
jailbreaking,1
isp,1
iso,1
johannesburg,1
k0nepi2nnfor,1
kayteysteier,1
scent,1
languagennwe,1
scarf,1
legalization,1
scans,1
legislatures,1
lettersnnthe,1
saves,1
saved,1
lifennothers,1
santa,1
lighthearted,1
salat,1
saint,1
safer,1
russo,1
limitnncheck,1
runny,1
logistically,1
featuresnnremember,1
ire,1
rugby,1
longdistance,1
madmartigann,1
round,1
ira,1
maintainable,1
rooms,1
malformation,1
manipulative,1
rolen,1
roger,1
rocks,1
roads,1
marginalized,1
matchwinning,1
rival,1
rites,1
ips,1
mcmastercarr,1
riskn,1
measurements,1
memorabilian,1
menstruation,1
retro,1
rests,1
ipa,1
mesoamerican,1
informationnnthese,1
relic,1
inn,1
metalworking,1
rebel,1
metaphorical,1
metaphysical,1
reads,1
react,1
mgntherefore,1
rdbms,1
razor,1
raysn,1
interfacennanother,1
mildmannered,1
rarer,1
millenniaold,1
misdiagnosis,1
ramsn,1
img,1
ralph,1
rally,1
misinterpret,1
rains,1
modesnnthere,1
raids,1
radon,1
moisturizing,1
24,1
moodboosting,1
motherboardn,1
multiplexing,1
multipronged,1
queue,1
query,1
queen,1
israelipalestinian,1
purge,1
punch,1
el,1
ifs,1
seriousnessnngenerally,1
learningnnpatience,1
musicfocused,1
prose,1
props,1
mythological,1
icy,1
prize,1
neighborhood,1
networksnnto,1
nngivennmass,1
lightweightnnwhile,1
nnoriginally,1
nonstimulant,1
ibm,1
northwestern,1
pound,1
pouch,1
obligationsn,1
pores,1
pools,1
poles,1
poise,1
occupational,1
pluto,1
plots,1
openernnthen,1
playn,1
plata,1
iau,1
operationsnn,1
plann,1
ias,1
optimization,1
pivot,1
shortcomingsnnlabeling,1
optimizingnn,1
orchestrated,1
ds,1
piano,1
overreliance,1
phono,1
overtraining,1
paleontology,1
petty,1
mailyourcompanycom,1
penny,1
palestinians,1
peers,1
pearl,1
peach,1
palpitations,1
pcsn2,1
pause,1
paradoxnnthe,1
patel,1
patch,1
participates,1
partitioning,1
peerreviewed,1
pejoratively,1
hrm,1
performances,1
panel,1
palsy,1
hpv,1
periodically,1
painn,1
persecutionn,1
oxide,1
perseverance,1
outer,1
osama,1
osage,1
orion,1
organ,1
personnnlook,1
perspectiven,1
optin,1
misinterpretations,1
oprah,1
philosophers,1
onset,1
onesn,1
onenn,1
olive,1
phonetically,1
physiologist,1
pigmentation,1
odors,1
policymaking,1
practitioner,1
nudge,1
processesnnhowever,1
preconceived,1
noses,1
nosen,1
prelicensing,1
norse,1
norms,1
noone,1
premenstrual,1
noise,1
nofas,1
noahs,1
productnnmarketing,1
prerequisite,1
nntap,1
nnren,1
nnnso,1
nnlet,1
presbyterian,1
nnhis,1
nnher,1
programsnndonating,1
nnand,1
psychologytodaycom,1
presenteeism,1
prioritiesnn,1
niger,1
proceduresnn,1
niaaa,1
newly,1
progesterone,1
projectionsn,1
netnn,1
nests,1
projectsopen,1
propositionn,1
needn,1
navel,1
purposesnnif,1
questionable,1
nancy,1
reciprocates,1
recognitionn,1
nails,1
n170n,1
myths,1
hek,1
myfax,1
recreational,1
mucus,1
msnnt,1
ms2nt,1
mpeg2,1
mpeg1,1
mowry,1
reflectivity,1
hemispherennastronomers,1
reformatting,1
regenerative,1
regressionnn,1
mount,1
radiationnnhowever,1
hcv,1
moral,1
moody,1
relatability,1
relentlessly,1
molly,1
hcg,1
molar,1
resolvennthe,1
respectfully,1
mites,1
missy,1
minus,1
resurrecting,1
mimic,1
informationnnultimately,1
resurrection,1
returnnnyour,1
micro,1
revitalizing,1
ridgesnnthis,1
hay,1
messi,1
merit,1
h1b,1
saddlennthis,1
gyn,1
mecca,1
safeguarding,1
satisfaction,1
scalabilityn,1
reliabilitynnthese,1
maybe,1
seconddegree,1
masks,1
selflimiting,1
sensitivityn,1
mario,1
mardi,1
march,1
manic,1
mania,1
manga,1
mamma,1
sequentially,1
sermons4kids,1
maker,1
servicennfor,1
maier,1
shotsnnfouls,1
romancennregarding,1
lymph,1
sociological,1
softbristled,1
lunch,1
lunar,1
lumps,1
selfidentification,1
lownn,1
softwarefoot,1
lover,1
softwarennto,1
gum,1
settingreplacement,1
loses,1
loser,1
gps,1
gpa,1
lookn,1
sourcesideas,1
southwestern,1
sectionsnnindustryspecific,1
spreadsheets,1
statesnnseer,1
statisticsnn,1
statusnngood,1
strawberries,1
structuresnn,1
studentsn055,1
subconscious,1
subjectivenn,1
linkn,1
subsequently,1
linen,1
successfully,1
sugarnnthese,1
liked,1
superlativus,1
lifes,1
supermarkets,1
supermassive,1
situationnnhowever,1
superstition,1
leone,1
lemon,1
gnu,1
legsn,1
surprisingly,1
symbolically,1
synthesizers,1
tasksnnthese,1
gjc,1
leaky,1
irresponsibilitynngiven,1
taxefficient,1
tenochtitlan,1
lawsn,1
laugh,1
testoptional,1
latex,1
textnnsimply,1
lasik,1
sitesgooglecomviewyourname,1
skillkindnesshumor,1
therapynnthe,1
lapse,1
laden,1
thirdlargest,1
thoughtfully,1
gem,1
kwans,1
korea,1
speakersheadphones,1
timennchoose,1
knock,1
titibulation,1
knees,1
ged,1
kitty,1
gdp,1
keynn,1
keyn5,1
keybr,1
kelly,1
titlenntheir,1
karma,1
karen,1
kanji,1
jumps,1
juicy,1
juice,1
togethernnbe,1
judas,1
jones,1
gcd,1
jokic,1
jokes,1
joint,1
toughoncrime,1
jerky,1
transcribers,1
transduction,1
transferring,1
itnn1,1
transitional,1
telecommunications,1
italy,1
transitioned,1
translations,1
isaac,1
temperancesobriety,1
irina,1
iraqs,1
ipods,1
ipads,1
intro,1
transmitting,1
transparentn,1
transporting,1
infer,1
treatmentsn3,1
truthfulness,1
tubingnnlook,1
twophosphate,1
imply,1
imgur,1
imbue,1
unanswerable,1
unappetizing,1
gap,1
unattainable,1
unauthorized,1
icons,1
hurts,1
uncontrolled,1
undetectable,1
undocumented,1
unflattering,1
hottt,1
hotel,1
hosts,1
unfulfilling,1
hoppy,1
terminalssandboxes,1
hoped,1
co,1
unimaginable,1
honed,1
uncomfortablenntry,1
homer,1
homen,1
holes,1
uninstalling,1
hoist,1
fog,1
hitti,1
hindu,1
himnn,1
hernn,1
unparalleled,1
universityspecific,1
unproductive,1
hello,1
heavy,1
heats,1
unsuspecting,1
vampiresnnvampires,1
heads,1
hazel,1
usennhowever,1
venuennthese,1
visiblennits,1
volunteering,1
wastennthink,1
halos,1
hairs,1
hadnt,1
variationnnfactors,1
guilt,1
wellprepared,1
cn,1
guess,1
gsan2,1
grown,1
whilennthese,1
grips,1
grind,1
grief,1
wholehearted,1
greek,1
wellroundednnfocus,1
wordpresscom,1
grave,1
grasp,1
wordpressorg,1
grape,1
workingclass,1
yahoonnyoull,1
grade,1
yearsnnwhile,1
cl,1
gonna,1
younnseveral,1
yourselfnnto,1
gmoln,1
glory,1
globe,1
gleam,1
19nntherefore,1
abbreviations,1
abnormalities,1
accountnnmany,1
accreditation,1
windowsnngenerally,1
acetaminophen,1
actionnnhouse,1
genre,1
geeky,1
gauss,1
wwwmyleaguecomwkfs,1
gases,1
gamma,1
actsnnanother,1
gamer,1
fas,1
gainn,1
furry,1
addressnnthis,1
adjustmentsn4,1
administering,1
algorithmsnnfinally,1
attractionnnactions,1
adoptednnlook,1
alphabetnnfor,1
frees,1
freed,1
fraud,1
21,1
f10,1
announcements,1
availablennwebsites,1
antetokounmpo,1
forex,1
antioxidantsn,1
apartmentscom,1
certificationnnboth,1
applicationsn,1
focal,1
flynn,1
ets,1
eth,1
flown,1
approachnnfor,1
challengesnntesting,1
flies,1
opportunitynnultimately,1
flask,1
flash,1
flame,1
appropriately,1
fixes,1
approximation,1
architectures,1
areanconsider,1
areannbecause,1
characternnconsider,1
finer,1
aspirationsnn,1
backgroundsnn,1
backingnngood,1
filmn,1
bassnnasus2ne,1
filer,1
filen,1
betternnfocus,1
fiery,1
biodegradable,1
biosignatures,1
fianc,1
blogswebsites,1
boyfriendnnif,1
brainnncommon,1
ferre,1
branchesnnthe,1
fears,1
cc,1
faxes,1
chromatogramnnthese,1
fault,1
fatty,1
fatso,1
ei2,1
brandsnnthese,1
brewerywinery,1
capabilitiesn,1
faint,1
constitutionmission,1
derogatoryinsulting,1
carennwhether,1
championships,1
eyesn,1
chickenandegg,1
expos,1
expel,1
circumference,1
exert,1
ear,1
dye,1
civilizations,1
clarification,1
collaborators,1
colloquialism,1
euler,1
combinatorics,1
communicative,1
erase,1
companionship,1
entry,1
comparatively,1
ennui,1
compensationn,1
ended,1
competitorsnn,1
emits,1
compilationsn,1
componentsnn1,1
elvis,1
elute,1
elmos,1
ellum,1
elite,1
efron,1
diligencetemperance,1
disciplinennfinally,1
cb,1
ebook,1
ebays,1
eaten,1
comprehension,1
computability,1
dylan,1
conceptualize,1
dword,1
dwell,1
dweck,1
dsn,1
dutch,1
durch,1
conditionnnto,1
conquistadors,1
consequencesn,1
consideration,1
constellation,1
drift,1
dries,1
drier,1
effortnnessentially,1
enforcementnnalways,1
consultnnmany,1
draws,1
controversies,1
drama,1
drake,1
conveniencenn,1
dre,1
downn,1
dover,1
coolingnnboth,1
courtadjacent,1
doorn,1
cravingsnnfor,1
docks,1
disks,1
dirty,1
firmsnncompensation,1
cryolitennthe,1
deter,1
damagennnerve,1
dense,1
demon,1
danceoriented,1
doe,1
fitnessnnultimately,1
deity,1
defer,1
decor,1
httpssearchyahoocom,1
datannrelated,1
defensiveness,1
deforestation,1
dealt,1
dehydrationnn,1
daynn,1
dayn8,1
david,1
deliberationn,1
datan,1
demographicsn,1
descriptionsn,1
ideannunfortunately,1
cyril,1
desensitizing,1
determination,1
instructionsnnafter,1
crush,1
crown,1
cross,1
crops,1
diaphragmatic,1
dim,1
diplomatnnshe,1
craze,1
crawl,1
disagreements,1
crane,1
discontinuous,1
displayednnif,1
distributions,1
count,1
cough,1
docsnnanother,1
corts,1
coops,1
cools,1
ca,1
c4,1
comic,1
documentation,1
colts,1
doesnninstead,1
colin,1
colds,1
domainnnthese,1
coast,1
embarrassment,1
cname,1
clues,1
encouragement,1
clubn,1
encyclopedias,1
del,1
environmentsn,1
equationnn170,1
establishment,1
cliff,1
eventspecific,1
interceptionnnthese,1
extinguishers,1
extraordinary,1
failurennyoud,1
clasp,1
clash,1
clara,1
fansnnhowever,1
featherweight,1
dad,1
feedingnnwork,1
feelingsnnfor,1
bx,1
chore,1
feelingsnnits,1
financesnnfor,1
financiallynn,1
fixedduration,1
chief,1
fontainebleau,1
chess,1
cheer,1
foreshortened,1
cheat,1
cheap,1
formattingnn1,1
charm,1
bs,1
manipulationnnyoull,1
fusennrunning,1
cse,1
cenas,1
golfernnwhile,1
cecum,1
bi,1
cdfis,1
gravitational,1
cbomb,1
hardenability,1
caulk,1
highachieving,1
highintensity,1
icfaccredited,1
casen,1
identitynnthe,1
carol,1
cares,1
caren,1
con,1
carbs,1
illustrations,1
cannn,1
candy,1
inappropriate,1
cakes,1
cnn,1
cms,1
incomeseeking,1
buyer,1
butta,1
incorporating,1
buses,1
burgi,1
buren,1
bunny,1
indispensable,1
individuality,1
buddy,1
bsus2,1
brush,1
bruce,1
inflammationn,1
installations,1
instantiation,1
institutional,1
intellectuals,1
brave,1
brass,1
interceptions,1
intoxicationn,1
bowls,1
bowie,1
bowel,1
cmp,1
bosss,1
bossn,1
cho,1
introductions,1
introspective,1
cfr,1
investednnfor,1
sophisticationnnultimately,1
involuntarily,1
bodyn,1
bobby,1
irisnnreviews,1
irreplaceable,1
blows,1
itnnregarding,1
blogs,1
blogn,1
jurisprudence,1
blind,1
layersnnbeing,1
blast,1
obsessivecompulsive,1
bland,1
blame,1
blake,1
lendnnhowever,1
bitsy,1
bites,1
limitationsnn,1
locationnnfor,1
binds,1
magnesiumrich,1
bidn5,1
biden,1
makennreflect,1
biasn,1
malfunctionn2,1
cdr,1
begun,1
manofthematch,1
begat,1
marketingnnif,1
beers,1
masterpiecen4,1
beads,1
cdn,1
bayer,1
matingnnwhile,1
medicationsnn,1
bases,1
memorizationn,1
midlinennplot,1
bankn,1
mispronounced,1
balmn,1
performancecritical,1
cdc,1
baked,1
baits,1
baidu,1
badge,1
babys,1
misunderstood,1
b0,1
awake,1
multicultural,1
platformsnnwebsites,1
multinational,1
attnn,1
multinucleate,1
asus2,1
asked,1
aside,1
municipalcity,1
arose,1
myosinbinding,1
arias,1
nanomaterials,1
neighborhoodn,1
nonjudgmental,1
cap,1
arena,1
notifications,1
arabs,1
aptly,1
cad,1
offensiveness,1
operationnnto,1
opportunistic,1
ostracization,1
overproducing,1
angel,1
andre,1
andor,1
ample,1
participating,1
amino,1
alter,1
participation,1
pathnninstead,1
perimenopause,1
allah,1
alive,1
personalities,1
alien,1
alert,1
philanthropic,1
alarm,1
photosnnthese,1
playnnwithout,1
policyfocused,1
agenn,1
positionsnnin,1
adorn,1
adopt,1
prefabricated,1
cab,1
preferencesnn,1
au,1
adage,1
byn,1
prelinguistic,1
acres,1
processesnnin,1
proclamations,1
profitability,1
a5a11,1
98ses,1
92311,1
8foot,1
858nn,1
702nn,1
5nnn3,1
4nnso,1
49ers,1
psychologysociology,1
29nn2,1
29nn1,1
26163,1
256mb,1
2000s,1
recessionresistantn,1
programsnnits,1
1960s,1
1950s,1
1930s,1
1920s,1
1890s,1
1880s,1
1830s,1
1800s,1
relationshipnnstart,1
13405,1
prohibitively,1
100th,1
100nn,1
055nt,1
00593,1
zulu,1
resultsnnefficiency,1
bow,1
projectionsn3,1
zoho,1
znwe,1
projectnngood,1
projectsnnfor,1
pronunciation,1
propertynnthe,1
yoga,1
ynab,1
yelp,1
protestantism,1
yeah,1
bob,1
yale,1
xray,1
xnn1,1
xivs,1
xero,1
providesnnfor,1
wqui,1
testimonialsreviews,1
worm,1
psychologists,1
qualityoflife,1
questionnnthe,1
rachmaninoffs,1
wkfs,1
wish,1
realistically,1
wird,1
transfernntherefore,1
reciprocating,1
bio,1
redistricting,1
relationshipn,1
wiki,1
relinquishing,1
repercussions,1
retrospection,1
bin,1
weve,1
unparallelednnchina,1
rhardwareswap,1
rightsnnwhile,1
schizophrenia,1
secondsminute,1
securitynnits,1
worshiptogethercomn,1
selfassurance,1
wash,1
yournamemycanvasite,1
selfdiscovery,1
sharennalways,1
ward,1
significantnn,1
wand,1
walt,1
ben,1
sleepdeprived,1
wait,1
bee,1
slipstitching,1
slouchingnnto,1
smoothlooking,1
specification,1
steadfastness,1
vice,1
activitynnconsulting,1
vevo,1
veto,1
vein,1
vc12,1
stimulantfree,1
streamnnthese,1
utc6,1
bce,1
utc4,1
usn2,1
usme,1
bbm,1
subjectsnnthe,1
superiornnthe,1
superposition,1
usac,1
urls,1
bbc,1
upsc,1
superstitions,1
systemnntheir,1
ourselvesnnexperiencing,1
bba,1
technologists,1
twon,1
twin,1
themnnanother,1
timeconsuming,1
timennhowever,1
adblockersextensions,1
tonguetwister,1
trim,1
americansnnregarding,1
ban,1
tractsnnwaste,1
traditionally,1
ag,1
tops,1
topo,1
uncircumcised,1
unconditional,1
tony,1
tons,1
unequivocally,1
universitiesn,1
told,1
tnnd,1
tmdb,1
unnecessarily,1
tips,1
unprecedented,1
artshumanitiessocial,1
unpretentious,1
ties,1
updatesnnthis,1
b2b,1
ay2,1
visualization,1
wellbeingnnif,1
wwwyoutubecom,1
younnconsider,1
tens,1
ax2,1
tems,1
zurichnnthere,1
avi,1
abbreviationsn,1
accommodations,1
aspectsnnapproaching,1
tean,1
accomplishment,1
tdms,1
tata,1
acknowledgment,1
taps,1
tape,1
tank,1
administrators,1
advantagennkey,1
tags,1
tact,1
ageappropriate,1
sync,1
swab,1
svrs,1
surf,1
alternativesnn,1
ambiguitynnset,1
sunn,1
celeronnnessentially,1
suit,1
stud,1
antihistamines,1
approximations,1
austriangerman,1
availablennfor,1
stds,1
budgetingnnfor,1
cablesatellite,1
stan,1
srgb,1
causeandeffect,1
span,1
checkersnnthis,1
sour,1
soup,1
chromatography,1
sore,1
sops,1
cleaningrepair,1
coercivennthis,1
collaboratorsn,1
concentrations,1
conditionnnfor,1
1s,1
conformational,1
asn,1
congressnnthis,1
challengesnnconsider,1
componentsnntrusting,1
smtp,1
conjunctivitis,1
skip,1
consequencesnn,1
conventionally,1
sits,1
correspondence,1
conditionnntherefore,1
ab,1
cosmetologists,1
counterfeiting,1
countyregional,1
customdesigned,1
decisionsnnand,1
defenserelated,1
demonstrations,1
counselingpsychology,1
ship,1
demandingcontrolling,1
detoxification,1
a4,1
devicesnnyoull,1
ape,1
effectivennlifestyle,1
ann,1
diseasesnnthis,1
dominatedefeat,1
dynamicnngiven,1
anc,1
dynamicsnnhere,1
easytonavigate,1
effectivenessn,1
electronically,1
seed,1
seat,1
seam,1
seal,1
environmentsnn,1
scam,1
etymologically,1
sawm,1
eveningfocused,1
sats,1
sata,1
holidaysnnultimately,1
everincreasing,1
sake,1
everyonennnext,1
saga,1
excellentnnfor,1
ryan,1
rush,1
exhaustednnthe,1
experiencennto,1
rude,1
rote,1
rosy,1
rope,1
factorsnnthese,1
featherweights,1
roof,1
alt,1
fertilizationn,1
filibusterlike,1
rode,1
frictionnnhere,1
robe,1
generalization,1
rj11,1
rist,1
geographically,1
godnnregarding,1
ring,1
rift,1
implicationsnnalways,1
highresolution,1
rice,1
riaa,1
implementation,1
inefficiencies,1
infinitynnwhen,1
reel,1
inquiriesnnfor,1
interamericana,1
interconnected,1
interestsnnfor,1
rave,1
internationals,1
iusrservername,1
rank,1
rain,1
inspirationnnhowever,1
kindnessnndont,1
quiz,1
qrxn,1
puts,1
interdependencennthe,1
lifetimennthis,1
punk,1
likednnhowever,1
pulp,1
linguistically,1
pros,1
prop,1
ahn,1
pray,1
lifestylenngenerally,1
linkedinsocial,1
lissencephalic,1
machinennwhile,1
pork,1
malfunctioning,1
poop,1
pool,1
mangoespapayas,1
locationnnultimately,1
a0,1
plug,1
ploy,1
maniahypomania,1
plex,1
plcs,1
contracts,1
converted,1
convicted,1
correctnn,1
manifestations,1
correlate,1
contactn3,1
merriamwebster,1
countryn2,1
consulate,1
construct,1
constrict,1
consisted,1
courtroom,1
courtship,1
coworkers,1
conquered,1
paraskevidekatriaphobia,1
connectnn,1
cricketer,1
congeners,1
confusion,1
misunderstoodnnsince,1
criterian,1
criterion,1
critiques,1
confidant,1
crucially,1
cufflinks,1
pine,1
concluded,1
concertos,1
curricula,1
conceptsn,1
conceived,1
cylinders,1
cytoplasm,1
comprises,1
mgnrearranging,1
component,1
completes,1
damagedn4,1
miscalculating,1
dcnnbrian,1
companion,1
debugging,1
deceptive,1
committee,1
committed,1
commented,1
commander,1
declining,1
combating,1
declutter,1
collector,1
dedicates,1
phil,1
coccoloba,1
cmddelete,1
defaultn2,1
pest,1
modernitynntradition,1
peer,1
cirrhosis,1
circadian,1
chronicle,1
defending,1
defensive,1
chongqing,1
chocolate,1
deflating,1
childrenn,1
childlike,1
childhood,1
deforming,1
chihuahua,1
delivered,1
dependent,1
checkedn9,1
charlotte,1
deposited,1
chancesnn,1
chamomile,1
depressed,1
depriving,1
pect,1
descended,1
desktopnn,1
desperate,1
celebrate,1
cdburning,1
cavaliers,1
causality,1
catalysts,1
cataloged,1
cartridge,1
carolinas,1
caribbean,1
detectors,1
cardinals,1
cardboard,1
carbonate,1
pear,1
captivity,1
capitaln3,1
capacityn,1
cantonese,1
canonical,1
misidentifying,1
candidacy,1
canadians,1
pdfs,1
cambridge,1
caliphate,1
calibrate,1
calculusn,1
diabetics,1
caffeines,1
byproduct,1
bypassing,1
businesss,1
burrowing,1
budweiser,1
diaphragm,1
bubblegum,1
brunswick,1
brumation,1
browsable,1
brotherly,1
brokerage,1
diffusion,1
pcie,1
brilliant,1
brightest,1
digitized,1
breakouts,1
breakfast,1
breakdown,1
breakaway,1
braintree,1
dimesized,1
pcgs,1
boundless,1
borrowing,1
borrowers,1
boldnessn,1
bodyguard,1
pays,1
bloggersn,1
blockages,1
blindness,1
blasphemy,1
blankness,1
biography,1
bilateral,1
bifemales,1
beverages,1
betraying,1
benncould,1
benefitsn,1
benchmark,1
belonging,1
believing,1
believers,1
directlyn,1
behaviorn,1
disabling,1
ace,1
disappear,1
beadsnnif,1
bassnnfor,1
bartender,1
banknnthe,1
banishing,1
pawn,1
disbelief,1
balancing,1
paul,1
disclosed,1
babynnthe,1
babynnppd,1
disguised,1
dismissed,1
avalanche,1
dispersed,1
automated,1
displayed,1
disregard,1
misinformation,1
auditornn,1
dissected,1
audiencen,1
attribute,1
musicnnhowever,1
attentive,1
distancen,1
nnhistorically,1
attacking,1
noisecanceling,1
attaching,1
atomizing,1
asteroids,1
95,1
pane,1
assistant,1
assessors,1
divisible,1
assertive,1
assertion,1
assembled,1
asparagus,1
ascending,1
artisanal,1
artifacts,1
articlesn,1
arthritis,1
arrogance,1
doctrines,1
areannfor,1
arbitrary,1
aquariums,1
approvaln,1
approachn,1
appraiser,1
appraisal,1
noncomedogenic,1
applynnin,1
appetizer,1
dominated,1
dominican,1
apparatus,1
apologize,1
annualcreditreportcomnnsome,1
anxieties,1
downclimb,1
downloadn,1
answering,1
announces,1
downsides,1
abu,1
dressingn,1
angelesnn,1
anecdotal,1
anchoring,1
driversn2,1
analogous,1
amusement,1
nonconsecutive,1
driversn4,1
amorphous,1
dvdbluray,1
amenities,1
amendment,1
onesizefitsall,1
opinionsnnsome,1
amazoncom,1
aluminium,1
alternate,1
economies,1
pads,1
alliances,1
abc,1
allergens,1
allaround,1
alikennit,1
alignment,1
alibaadah,1
ecosystem,1
alexandra,1
alcoholic,1
oversimplifies,1
agonizing,1
ownn,1
afternoon,1
afterlife,1
oven,1
eithernn1,1
98s,1
otto,1
advocates,1
ornn,1
advisable,1
advertise,1
overwhelmingly,1
papillomavirus,1
pathsnnwhether,1
adoptionn,1
admission,1
admirable,1
ejaculate,1
adherents,1
959,1
elegantly,1
addressnn,1
addressn2,1
elementsn,1
pharmaceutical,1
addremove,1
addiction,1
actresses,1
elevators,1
elongated,1
acellular,1
accountn3,1
accountn2,1
embassies,1
accolades,1
omen,1
embodying,1
embracing,1
accessing,1
accenture,1
academics,1
absurdity,1
photokeratitis,1
absorbedn,1
oily,1
encompass,1
oils,1
abdominal,1
76yearold,1
46yearold,1
30yearold,1
2kpinnfor,1
23yearold,1
19yearold,1
plesiochronous,1
16yearold,1
15yearold,1
zydrunas,1
ofnn,1
yosemite,1
yahoonn1,1
xmlbased,1
wrinkled,1
odor,1
worsened,1
workload,1
wordplay,1
wordnnif,1
wondrous,1
wizardry,1
endearing,1
winfreys,1
williams,1
endurance,1
widgetn3,1
whispers,1
whiskeys,1
odis,1
energized,1
946,1
weighted,1
enforcing,1
weekends,1
websters,1
oats,1
engraving,1
nyou,1
weaponry,1
nvds,1
weakened,1
wavelike,1
watering,1
watching,1
watchdog,1
warriors,1
warranty,1
warrants,1
walletnn,1
enigmatic,1
volumen5,1
volcanic,1
vneshney,1
entangled,1
vitality,1
visually,1
enzymatic,1
visiting,1
viscount,1
visceral,1
nuts,1
ephemeral,1
epilators,1
villains,1
villages,1
videosnn,1
vertices,1
equipping,1
escalates,1
nuse,1
escorting,1
verifier,1
euclidean,1
ventures,1
euphemism,1
nude,1
postvalentines,1
variable,1
evaluator,1
evaporate,1
eventsnna,1
vaccines,1
utilizes,1
prioritiesnnif,1
uscisgov,1
upvoting,1
evocative,1
uprising,1
norm,1
examining,1
unstable,1
unsplash,1
unproven,1
exchanger,1
exclusion,1
unifying,1
945,1
unguided,1
unfoldnn,1
unending,1
underway,1
nolo,1
unbroken,1
excreting,1
ugliness,1
915,1
tutoring,1
tutorial,1
trumpets,1
node,1
truckees,1
trousers,1
troponin,1
protectiveness,1
triumphs,1
exhibited,1
exhusband,1
tricking,1
triangle,1
trending,1
treatise,1
treating,1
nntp,1
traverse,1
traveled,1
trapping,1
exposures,1
expresses,1
externaln,1
tradeoff,1
nnto,1
extracted,1
tourists,1
914,1
tomatoes,1
facebookn,1
tireless,1
tincture,1
factually,1
falsennin,1
tidiness,1
tickling,1
ticketsn,1
thursday,1
thriller,1
threenn1,1
threedot,1
threatsn,1
threaded,1
fantasize,1
favorable,1
favourite,1
featuresn,1
fecaloral,1
theology,1
thematic,1
thailand,1
textnnto,1
textbook,1
testingn,1
ferocious,1
terribly,1
terrence,1
nnmy,1
tensions,1
tendency,1
tempting,1
rangennfactors,1
templarn,1
telegram,1
fibonacci,1
filehippo,1
filipinas,1
taxpayer,1
taxesnn1,1
filledout,1
tarnishn,1
finalized,1
tapestry,1
tapering,1
tangible,1
90,1
takeaway,1
finishing,1
tactical,1
tackling,1
reconciliation,1
systemnn,1
synopses,1
fireworks,1
firsthand,1
symphony,1
firsttime,1
flammable,1
syllabus,1
flattered,1
reconstruction,1
sweating,1
suspects,1
nmhs,1
surround,1
flavorful,1
nine,1
surfaces,1
fognnsome,1
supportn,1
supplyn2,1
follicles,1
supplier,1
foolproof,1
superfly,1
sunshine,1
nimh,1
sundaynn,1
suitcase,1
footholds,1
suicidal,1
forecasts,1
suddenly,1
successn,1
succeeds,1
recordbreaking,1
submerge,1
foregoing,1
nile,1
nike,1
studying,1
foreigner,1
stubborn,1
forensics,1
fortunate,1
fortyfour,1
striking,1
fourwheel,1
stricter,1
stressed,1
fraternal,1
streamn4,1
freelance,1
stranded,1
friedrich,1
90s,1
stocking,1
stitches,1
stinging,1
stimulus,1
stimpson,1
sticking,1
fulbright,1
stepping,1
stenosis,1
fulfilled,1
statusnn,1
fullcourt,1
fullsized,1
nick,1
stanford,1
functionn,1
furniture,1
reinstallation,1
squiggly,1
sprinkle,1
gallagher,1
geekiness,1
relationshipsn,1
sponsors,1
spoilage,1
geometric,1
ngtr,1
speeches,1
girlpower,1
spectral,1
girlsn100,1
glaringly,1
nfls,1
globallyn,1
neyo,1
sourcing,1
sourcesn,1
sourcenn,1
sopranos,1
soothing,1
sootfree,1
sometime,1
godfather,1
solvents,1
gokarting,1
solidify,1
googlebot,1
gottfried,1
socklike,1
societys,1
governing,1
socially,1
snowball,1
gradients,1
snapshot,1
snapchat,1
repairsnnyoull,1
grappling,1
slowwave,1
greaseoil,1
slimming,1
groomsmen,1
sleevenn,1
sleeping,1
skittles,1
skincare,1
skillsnn,1
sitennif,1
singular,1
groundhog,1
repositoriesnn,1
newn,1
signaln3,1
sickness,1
guanabara,1
shrouded,1
showtime,1
guangdong,1
shouting,1
netn,1
guideline,1
nest,1
shelters,1
sharingn,1
shadowsn,1
gutenberg,1
habitatsn,1
settlers,1
hairspray,1
setbacks,1
halfblood,1
servicen,1
servern4,1
halloween,1
handholds,1
hangovers,1
sennthis,1
neil,1
selfhelp,1
happening,1
seleucid,1
selected,1
representative,1
hardening,1
hazarajat,1
reproductionnn,1
sectornn,1
heatingnn,1
886,1
secondsn,1
secluded,1
requirementsnn,1
seasonal,1
searchn2,1
heirlooms,1
helpnnfor,1
seafloor,1
sculptor,1
scrutiny,1
scraping,1
scouring,1
scorpion,1
scooping,1
sciences,1
hemipenes,1
hemipenis,1
herennits,1
scarring,1
ncis,1
santanas,1
hesitancy,1
sabotage,1
880,1
rumsfeld,1
routines,1
rotation,1
higherend,1
roleplay,1
riskfree,1
highfiber,1
rightnn4,1
richness,1
rewarded,1
revolver,1
revision,1
revealed,1
8n,1
returned,1
retrieve,1
nand,1
resultsn,1
resulted,1
resubmit,1
resiliencennas,1
nail,1
hillbilly,1
respiten,1
respects,1
histamine,1
hoistside,1
resolves,1
resolved,1
nacl,1
homennthe,1
reserves,1
83,1
resemble,1
honestynn,1
hostinger,1
hugonauts,1
humanitys,1
hypocrisy,1
idealized,1
reportsn,1
reporter,1
replying,1
ignorance,1
ilgauskas,1
repaired,1
illinoiss,1
renewing,1
renewals,1
immensely,1
removebg,1
remnants,1
immunityn,1
impartial,1
improving,1
remained,1
relished,1
inability,1
reliefnn,1
80s,1
inanimate,1
incentive,1
incidents,1
incomenn1,1
incubator,1
relation,1
rekindle,1
rejected,1
reinsert,1
reignite,1
incumbent,1
registry,1
resourcennhere,1
indonesia,1
refundsn,1
restartnnwhile,1
induction,1
refining,1
inductive,1
referral,1
reexpand,1
msec,1
infinityn,1
redirect,1
inflation,1
recovers,1
informing,1
reckless,1
recently,1
recenter,1
receives,1
receiver,1
ingenious,1
reattach,1
reassure,1
rearview,1
ingestion,1
readersn,1
inherited,1
reacting,1
initiates,1
razvedki,1
rayleigh,1
injection,1
ratatype,1
revenuennthese,1
randomnn,1
moth,1
rallying,1
radiolab,1
racially,1
quitting,1
quietude,1
roethlisberger,1
quickern,1
inorganic,1
quarried,1
quantity,1
scholarshipsnn,1
quachtli,1
pyramids,1
puzzlen2,1
moms,1
pursuits,1
insertion,1
insightsn,1
purifies,1
inspiring,1
punishes,1
puncture,1
installer,1
psycinfo,1
province,1
instances,1
instincts,1
insulator,1
769,1
intellect,1
protects,1
intensely,1
prospect,1
mold,1
sciencerelated,1
mist,1
79,1
interacts,1
intercept,1
interestn,1
promoted,1
mint,1
prolific,1
intervals,1
interview,1
intimacyn,1
intimaten,1
intrusive,1
invasions,1
sustainablynnultimately,1
producer,1
inventors,1
involvedn,1
ionsnnthe,1
pristine,1
prisoner,1
irritates,1
isopropyl,1
isotropic,1
itemsnnto,1
mine,1
iterating,1
searchyahoocom,1
preserve,1
jailbreak,1
jewellery,1
journeynn,1
prenatal,1
70,1
predated,1
mile,1
judgmentn,1
k2n1right,1
postersn,1
kanabased,1
keyboards,1
keychainn,1
position,1
portions,1
portionn,1
portaln4,1
kilometer,1
populous,1
populism,1
populate,1
pondered,1
polymers,1
polluted,1
seethroughnnif,1
knowitall,1
meta,1
policing,1
landlords,1
pointsnn,1
pointing,1
poignant,1
podcasts,1
plutarch,1
plumbing,1
plumbers,1
mess,1
laplacian,1
pleasant,1
playnnto,1
702,1
playern4,1
latenight,1
platonic,1
selfexpression,1
latitudes,1
plastics,1
launching,1
planners,1
patternnnfurthermore,1
pitching,1
menn,1
pinnacle,1
selfgovernance,1
selfperception,1
lawsnnthe,1
legalzoom,1
photosnn,1
photopea,1
phonetic,1
lemondill,1
phishers,1
sevencontinent,1
personas,1
lessonsnn,1
lettersnn,1
performs,1
perching,1
simplification,1
maze,1
penchant,1
pedantic,1
lexington,1
liability,1
payloads,1
liberties,1
patternn,1
licensure,1
lidocaine,1
lightning,1
mayo,1
lingering,1
passages,1
parttime,1
linkedinn,1
partnern,1
paralyze,1
linuxunix,1
paradise,1
listingsn,1
softwareonline,1
mate,1
paintnet,1
specialization,1
painfree,1
pagesnn1,1
packersn,1
mask,1
oxidizer,1
mary,1
oversees,1
overseas,1
overlook,1
overlaid,1
6th,1
overdose,1
livestock,1
overalls,1
680,1
outsmart,1
outright,1
outreach,1
outlines,1
logarithm,1
outdoors,1
logistics,1
longrange,1
outburst,1
othersn4,1
louisiana,1
oriental,1
organize,1
specifications,1
lowercost,1
lowpriced,1
optimize,1
lucrative,1
opposing,1
statesponsored,1
maccabean,1
operator,1
operatic,1
mans,1
statewidennfor,1
openings,1
strategiesnnif,1
maccabees,1
oneonone,1
onechild,1
machinen2,1
olympiad,1
oilbased,1
machinen3,1
susceptibility,1
macintosh,1
magnesium,1
occursn5,1
magnetism,1
threephosphate,1
observes,1
mailboxes,1
timesnnhowever,1
maintains,1
macs,1
numbern4,1
numbern3,1
nuisance,1
nslookup,1
lust,1
novelsnn,1
noticing,1
noticesn,1
malformed,1
normally,1
nonpolar,1
nominate,1
nntheres,1
nnoption,1
nnlisten,1
nnduring,1
nndetail,1
nncnbool,1
nnbriggs,1
nnalways,1
managernn,1
marijuana,1
networkn,1
marketers,1
marquette,1
marriages,1
titlennhowever,1
transcriptions,1
luka,1
understandingn,1
unihemispheric,1
musician,1
musclenn,1
6x,1
marvelous,1
masterful,1
muawiyas,1
mastering,1
unlikelynnwhen,1
motivate,1
maternity,1
morality,1
moralenn,1
monument,1
monetize,1
unplannednnthe,1
monarchy,1
unsatisfactory,1
mechanism,1
medically,1
mentality,1
lore,1
mnemonic,1
mistakes,1
upgradesnnsome,1
vesselsnnheres,1
missions,1
mischief,1
walknnpractice,1
miracles,1
minority,1
minimums,1
merchants,1
mercurial,1
mindsets,1
metalwork,1
metaphors,1
midpoint,1
midnight,1
midfield,1
microair,1
midflight,1
loki,1
michaels,1
metnnour,1
midnightn,1
waterresistant,1
lock,1
militarys,1
650,1
membersn,1
mimicking,1
melanoma,1
minimizes,1
medicare,1
minuscule,1
waynnregarding,1
meanings,1
misplaced,1
mistaking,1
mobilityn,1
moderated,1
websitesnnhell,1
modernity,1
marketnn,1
margaret,1
monitored,1
mapmaker,1
morganite,1
wwwcourseraorg,1
manifest,1
maneuver,1
mandiant,1
mandarin,1
morrisons,1
managers,1
malaysia,1
mostnnyou,1
majestic,1
motivator,1
mountains,1
magnesia,1
magazine,1
machines,1
lyricsn3,1
lowspeed,1
lowlight,1
lion,1
longtime,1
movementn,1
longbows,1
619,1
muhammads,1
locating,1
literacy,1
multitool,1
mysterios,1
nailbiter,1
necessity,1
lincolns,1
necklaces,1
limitedn,1
wwwmyleaguecom,1
likeness,1
neededn11,1
lightbox,1
nefarious,1
lifesize,1
lifelong,1
negatives,1
nervennif,1
yearnnchecking,1
libertys,1
liberals,1
nervously,1
accommodatingnn,1
lethargy,1
leonhard,1
legality,1
nicknames,1
leanings,1
layering,1
laxative,1
activitynnthese,1
lawsnnto,1
lavender,1
nightlife,1
adaptnnremember,1
nnbipolar,1
nnbritish,1
landline,1
antibellringing,1
laborers,1
labeling,1
krugernn,1
kneeling,1
nnchapter,1
nncontact,1
kerrigan,1
nndespite,1
lied,1
kelleher,1
keepaway,1
antidepressants,1
nngoogles,1
jpmorgan,1
journeys,1
nnimagine,1
jokingly,1
johnsons,1
jennifer,1
nnpremium,1
jamaican,1
jacksons,1
issuesn2,1
issuenn1,1
issuance,1
ionizing,1
nnscience,1
nnwithout,1
invested,1
inverted,1
inverses,1
inventor,1
arithmeticnnthe,1
noncoined,1
nonexempt,1
interval,1
nonliving,1
nonpaying,1
intermix,1
nonverbal,1
nordstrom,1
northeast,1
northwest,1
integral,1
atherosclerosis,1
intakenn,1
attentionnnthis,1
insteadn,1
nostalgia,1
numbering,1
automaticallyn2,1
inperson,1
innovate,1
innocent,1
innatenn,1
inktoner,1
injuries,1
injector,1
numbersnn,1
numerator,1
ingested,1
nycboston,1
objection,1
leap,1
infinite,1
observant,1
observenn,1
inducing,1
balancednnfirst,1
observing,1
indexing,1
incurred,1
obstacles,1
occasions,1
occurring,1
includen,1
bioavailability,1
lazy,1
impulses,1
improves,1
oldschool,1
openended,1
implicit,1
optimizes,1
imagined,1
illusion,1
originsnn,1
oscillate,1
lays,1
outkastn5,1
outlining,1
ideation,1
bleedingnngiven,1
outragenn,1
hurtnnso,1
overheats,1
overlooks,1
overlying,1
humansnn,1
overnight,1
huguenot,1
lava,1
hotspots,1
boyfriendnnthis,1
hostingn,1
hospital,1
overshare,1
overthink,1
budgetconscious,1
honeybee,1
panseared,1
paralegal,1
lane,1
homemade,1
holistic,1
holidays,1
historyn,1
buildingweather,1
hinduism,1
highdose,1
highcost,1
60s,1
lame,1
paralysis,1
helpnnif,1
helpless,1
heighten,1
heavenly,1
headache,1
harmonic,1
parenting,1
partially,1
casenncarefully,1
hardings,1
happiest,1
60m,1
partition,1
hangouts,1
handmade,1
handheld,1
hamilton,1
hairline,1
hadnnits,1
hackable,1
habitats,1
gurgling,1
600,1
partnered,1
passagesn,1
guericke,1
guarding,1
guaranty,1
grownish,1
grounded,1
grooming,1
grinding,1
grieving,1
passports,1
graysnn3,1
graysnn2,1
gravitas,1
graphing,1
changennhowever,1
granting,1
grainger,1
patchtest,1
graceful,1
grabbing,1
patternsn,1
governed,1
goodyear,1
goodwill,1
goodness,1
goodbars,1
goldmine,1
godnnkey,1
glycerin,1
gluttony,1
peninsula,1
glitches,1
glimmers,1
gimmicks,1
penislike,1
perceives,1
genitals,1
perfectly,1
kwan,1
performer,1
geetikas,1
gathered,1
charactersnnyou,1
kiwi,1
persisted,1
pervasive,1
gabriela,1
petitions,1
fulltime,1
phonennto,1
fulfills,1
fshnnwhy,1
physician,1
physicist,1
picturen4,1
picturesn,1
pineapple,1
frenzynn,1
pinterest,1
freeware,1
freehold,1
franklin,1
fracture,1
kits,1
fouryear,1
06,1
fortnite,1
planetary,1
clustersnnthese,1
forehead,1
collaboratively,1
playfully,1
playlists,1
follown3,1
poisoning,1
kilo,1
polarityn,1
floridas,1
kill,1
polishing,1
fleeting,1
flatness,1
fixtures,1
fiveyear,1
fissures,1
firstnn1,1
kids,1
firefoxs,1
firearms,1
finished,1
findings,1
finances,1
fillings,1
filipino,1
filipina,1
figuresn,1
